-5.9716045574327685,0.447351933810517,3.0233025520926646,-4.037207641444743,-0.4938143240453432,0.6013278825214365,-0.2446277083367706,1.8736915962145513,-2.641825613195352,-0.03766761429437107,0.2248304344920264,-5.069713955470016,-1.3385709021787804,-1.2823756108259747,-1.4413497835071014,1.3400990125343275,1.4090682201037779,0.3447519439658655,0.8206437713550452,-1.4812188982744554,-1.4652223724992661,-0.1489301535856875,-0.11899842699240751,-0.20078593664233013,-0.026030011387880636,-0.04169001033984798,0.9227158401245612,-0.6945331177575426,-1.8744178305912165
-6.872594525443937,0.7281273046342311,-0.38122522936155673,-5.328804169286022,-1.2992183448687298,-1.9262795945297673,1.1380675787634644,0.1380841627878202,0.9486172057228117,0.20818050257767384,2.5840215504318893,-1.1758467589089887,0.5142714286728164,1.7898286791832207,-1.6584569930676496,1.6171814525389228,-0.6270283749160602,0.13209836162073618,-1.437921116061547,0.2309338172606335,-0.5407653143448425,0.1888317841552311,0.45612719445083433,-0.2457704991816424,0.5855361614472381,-0.6722686571295441,-1.3119616567515369,0.21819913774618677,-0.700643521529716
15.830050368740526,-2.5310199021680693,-1.0884162325305569,-2.4236593370147874,0.748384927909461,-0.19490905779506948,4.262466377168943,-3.2342367430625556,1.8389195702677033,0.4311080783446635,-1.8384908655138466,-1.8546849193108144,1.4941108196610853,-1.1313239152275836,-0.15714628275449735,-2.010595799135241,-1.060966805324497,-0.0007140733204052396,-0.26874749931094194,2.427826474661954,0.16951620751925822,-0.7352701671749621,0.9689184669551819,-0.7874015723376482,-0.4341858942310107,1.336931832649789,-2.6803416789139796,1.0412909720777452,-0.12673548907552662
-4.247906737290138,-1.931922548209604,-2.549865427329336,1.821965541727185,3.361145907550217,-1.1837301700040417,1.7209363414843875,-0.5665371162251727,1.0544954257045303,2.009526844753524,1.3902645622238494,2.148202137837931,0.8430443472575332,-0.3316257005161665,-2.574627704825659,-1.5425021933433558,-0.6161503017046142,0.011473565006288489,1.2262666095890045,0.7633614018331056,-1.2674869288071888,-0.5970279138024541,-1.3771739345689094,1.6985576439289292,-0.9254396294273497,-0.48587270331126003,0.24430119758944782,0.4572895879042407,-0.11688583742718094
-5.859379830142807,3.161501602434207,1.82569718549908,-1.0997064228448292,-0.5611529050669598,-1.6309644896211553,-5.5591454551491,-1.622002031051663,-1.5714536889391253,0.6796690555781713,4.392816962348098,-0.6395409965240921,-0.4141219593678228,3.60683458844514,-3.1138755439032355,-0.38317868998930993,-0.016396752196965347,0.09162963601670907,0.3827804357434192,0.46525271948040203,-0.8010196196737653,-0.35389074601114445,-0.6951372167936525,-0.06136782137496982,-0.3305890847723818,0.6915277780030875,1.9811917224160365,-1.4095706492278366,0.45733024192285554
-2.3250269673099746,9.803863812950636,-5.961726501723398,-1.308322236755547,0.8546358120269808,0.6171545764112604,-2.204603878108585,0.10779381740335942,0.42778582606123927,0.5573627575095886,-0.09607450442696763,-0.6186548348606592,-0.27650984298481374,-0.5393450645264024,0.7921423802363715,-0.86709954506812,-1.143412953051221,-0.25354895734465444,0.750810143053946,0.48248304309983003,1.804821745058687,0.12188056400722025,0.03984472433225325,-1.7210300994213226,0.38385778915571694,0.3786242215972138,0.18315377938542549,-0.20608371505846246,-0.03326743070710303
-9.018998090986667,4.302149860811709,7.415371023551389,-3.65516001673439,-0.6856292134932838,2.948766085134305,-4.4085193682507064,-3.2792359153411215,-5.895512707643649,-0.3343477560473986,-2.7770989788786395,-2.991104808551455,-0.05896047062947404,-1.332840142673725,-1.1195991569219819,-0.9261618947293013,-0.8635529931473581,1.010035975111096,-1.0835180592073685,-3.5105004906919475,0.43013659615647826,-0.665947721135274,-0.08010934438488093,0.13886989313502607,-0.5842337873606934,-0.9566073784375686,1.9301019282103289,-1.0719914739303866,-0.747327843512556
-1.620712548650739,-1.798384723700399,2.7721371891546114,-5.668680614354093,-1.6914069041481081,0.5597041289247459,-3.6110925953026918,2.7354610073687486,-0.8376050489502243,-2.254351799765171,5.6759776906996375,0.2513710873068325,-0.9848431888337825,2.2752995170714523,0.3335511274612706,-1.8790499392259186,0.15822221564654965,-2.28067528150479,-0.8004609071238932,0.8375682749152982,-1.0924612345604838,0.37322387654242223,1.3779394943074408,1.5280562981091024,0.20009414451430288,0.1870251872949361,1.9261022628103848,0.8204005820614917,1.9205888402748423
0.8693476250037571,-4.828867003332924,-1.0632276625163977,1.7907051926484219,-0.9473566340449282,-0.5542320978219244,0.6598279760264851,-0.34860684047997703,-1.525520216400519,-0.7284389912619131,0.8536629860195979,0.9158311978953824,-1.9452945087144604,0.5187667188101948,-0.9348001881064621,2.437273895627869,0.18064907829941096,-0.20558273979352634,-0.2068770492281587,-1.5886237703065116,-0.009810429300037615,-0.7015746506918987,-0.8983614782912777,-0.3576557682825653,-1.7371234418967814,-0.45410626074723515,0.5268502211020728,-1.0887430481875495,0.024086366596684283
16.418649985738426,5.168529673510321,4.423811681581308,-2.8991503271228587,3.953908280821322,3.3112571226508054,-0.062081792577978634,-0.2917538797782012,0.3525410913527852,-1.956065269386073,1.2845920308326102,3.02660707221373,-0.0941416173039662,-3.746584504323981,0.6940954532455227,-0.9703881859083221,1.259897783469159,0.3276168511380946,-0.7034954530229751,1.996930816739812,-0.4834190871393732,0.05710660695406822,-0.7639769122401107,0.5878068353551678,0.2930508619182711,0.2975999391485454,0.4081485413692801,1.9021948056706832,-1.8386501479439887
2.059525058586224,5.476116646210858,-5.2831371626499655,-3.1323080240295416,-0.959697905661538,-0.4232780925823538,-0.5904052183770963,2.1585811402017505,-0.016627400402756926,-2.4460164079051867,0.3201760513591333,3.5478837756146397,-0.7901216623789138,0.4070474966030676,-0.1382750989048899,0.5983063363547808,0.7770181556998844,0.4252590789872168,0.16134596012918978,0.5110178883567719,-2.885500392672805,-0.06906275741821294,-0.4225243592486711,1.7971850475950173,0.837391504407988,-1.1151937100988352,-0.6183104610336593,1.925772386005263,0.5366126999450395
-5.577557901808347,6.572983048237022,5.489603765735967,-2.778671046262344,3.4848532100784952,-4.050162898953523,2.0452554628966926,-1.1749944656514935,0.4611834280620559,-1.059306735176558,0.7782119092782787,-1.326804593281408,-0.9931751312253824,-2.9018796609571433,-2.2323332835029914,0.30208793397800465,1.0968914168213098,2.1245289460043706,0.8147501799986518,0.6091009649157272,-1.4712451186428133,-2.1402602768337387,0.7677077582764659,1.808499088184817,0.01094109086970907,-0.9803111355622279,0.5427433547030882,-0.0017351211174282954,0.5394405317657172
-6.974880735159084,6.962083694520458,6.227793388199996,0.5223645610161839,1.2995247090505,1.886687050461349,-3.056653849762449,-1.577001296339191,2.333483313244642,-1.3804324719287033,0.8370968436242563,-1.2440990996358048,-0.25700541523286197,2.152760445018068,-0.6351799729231038,-2.1658757571379157,0.11246222083881768,-0.09664650441081446,-2.1956088358926618,0.09412682377467116,-1.6619722002976431,0.921021749973076,0.2946359527016173,0.47914043770869985,-1.0875455261981384,0.7385339024382175,-0.30797601640301675,-0.47497239884761466,-0.12562706259100626
15.829478755522729,4.677554689455162,7.036224359501183,4.589654752570585,1.6293686427049128,3.618144689640856,-3.1629346822892277,-2.8939469776537323,-2.18087490147228,-0.19254206155629783,0.8154981014278744,5.34361376314223,0.39422959261167556,0.9351474807124871,3.9384594011280125,-1.722785741317432,2.0387656440402733,4.148529693477668,2.299808871088844,-1.1908102174048887,0.1164795858202834,0.048515073468039016,-1.7941159819683579,-1.3479615110620005,1.6505506927635762,0.37040350604099964,-1.4880892340265732,0.12028367381850541,1.8416899605850534
1.047059637388357,14.374724045146305,4.491552734589751,1.6780346464927236,-0.6386683346565156,-6.69044662334041,-3.310531014044093,-2.9304949847811512,3.781271719763745,0.12738924643893257,0.9522598957164761,-0.5222698935118821,-0.7646236837740781,-0.32505819388382906,-2.2845340350801187,-1.325796343884756,1.273300378572454,-0.26840528748290104,1.7140104997687198,-0.7783825485494831,0.09386040261028628,0.7842902861934182,1.229740989001215,0.49307679871594345,2.392703144950415,-0.25100450586667267,0.9314419947335075,0.7699612476857276,-1.7889862317360146
5.942608099548455,-2.1354846277839266,-4.590440169224713,3.0711355770619493,-3.147989166627442,-2.9305832800678315,0.6819968644588092,-1.7286438415412642,1.1959886598421983,0.0060846960848042475,-1.4981830353998455,-3.3862366517024776,-1.6352223049124217,-1.1346946447643842,0.26238431774579374,-2.193734632076892,-0.885714796183986,0.8920060092145049,-1.4873077006077038,-0.6014330548508753,-0.7605556643946518,0.031122088191213454,-0.969682589536925,0.6921789218237215,-1.805853116822695,-0.6596129966070071,1.536436278370782,-0.34392457797467313,0.31442988286576984
10.649355948656002,-0.17164900850506012,0.018744286275040684,-0.321892266891147,-4.193791415533264,0.8878263880374409,1.9295189791666405,-2.8230055219716963,2.917141415306881,0.585605966761521,-0.07902443502217954,-0.5759994293881756,0.5554014180935875,-1.5559750585698577,-0.9146656647335472,-1.8410231294823223,0.5851747020516669,1.3439756800679508,-1.2372501921747117,-0.4273359196682839,-1.9924608797317078,0.47928688360601146,0.14763011326775324,-0.7193646679215792,-0.4472392510727001,0.6566923385509763,0.6403856263090144,-0.0642377523146036,-0.03190580919973507
-4.050015704566265,7.559590056758054,-0.3174830477340496,0.18320583856787553,2.987801877635599,-1.6659986484723581,-1.8303191504289205,-1.7758285231540163,2.3827109886093556,-0.20079489408705864,0.22778965988265665,-0.9050381685169591,0.34444789800373976,-0.37717364205326054,2.2540460373962885,-0.6290338444678553,-0.1729194493402455,-0.22374300009203205,0.7323000591070272,0.3187082937740766,0.4925200093396499,1.116755830987811,2.2278002525261704,-1.529781227100671,-0.7289666362640008,-0.502658676214578,-0.6682432714016036,1.5246423489684853,-0.5578065014716691
-6.7459812048398975,3.3499454851147368,5.718905919510913,2.097199919283425,6.8866561430316064,0.02649891752532832,1.945986029165635,-2.3515565772819564,-3.9944675624280146,1.2689800029059575,-2.26929927210803,-1.052946296649973,-0.10923299766102997,2.42691558406959,-1.4653203857561607,1.5712966221431584,-3.6296052795593168,0.8104403135265222,-3.8380325757691214,-0.756072631223865,0.9904672870832311,0.9531827565327746,0.5337986689626248,-2.37231107321732,0.3977949473619438,1.1691911876641425,-2.114244969639922,-0.6196704747561528,-1.3350786953916995
7.741682452976045,-2.806930624779434,-0.7572046684344012,-2.8912875375331017,-1.3236145959918797,0.08751234505965608,-3.152185150743366,0.18238533937782864,3.1638100857661877,-3.0760862280888155,-0.9264213569234819,-1.855365935989874,0.9531836247694103,0.038647821267038196,-2.752160010785396,-0.5362545235027156,-0.3472518363291717,-1.7680918281275748,0.27768072809908206,-0.8141190515964272,-0.611652141574921,0.5615228933175893,-1.5728155846239626,-0.3638771818743096,-0.5489688185667405,0.6498988526458243,-0.1641951068702957,2.4852173513094584,-0.7384714167018258
-4.401183613775612,12.306732286626946,-2.7834237718517727,2.401521009149797,-3.2392120431928584,1.0605324237964195,-1.878961487862047,4.334566471116037,-1.1032378786913573,-0.6773331125675867,1.4965633352000243,0.8577795095428775,-1.787119892581415,-0.027858744568588945,-1.6065894759654709,-2.144292190890657,-0.4545739929882686,-0.6985285111123133,0.73165366492285,-0.3062108498929363,2.0213938229372537,-1.1462109572220642,3.3074233566432056,-0.7318782498722612,1.6626429310430915,-0.9517135834353367,1.8003884060022455,0.5333795436605185,-0.45171227875395675
-6.192694192677264,3.7847036962970746,1.4595669507634197,2.4627175100173546,1.215482953658757,-1.475670254496946,-1.0496124684555261,-1.6151662627201868,0.8697899822611055,-0.8462730390153781,-2.751802346475688,-1.2155762993550707,-1.2357653192880593,-0.4855160813482354,-0.03534078123419088,0.1279909581551355,-1.2474808778636135,0.81129146115377,1.2628814552855974,-0.4421330492525979,0.41486730453867354,-0.02338992853536226,-0.2636240863249631,-0.44734277937748257,-1.8764213679061503,-0.5696409406787896,-0.6845670647260673,-0.7544238027840444,-0.461788143888606
20.624688835334062,-0.991312554760749,-4.75816192272008,-5.155208768205108,0.11537815321851752,3.9879882859025093,2.695323175379481,0.428812033737456,-0.41983073217975264,0.3847320305936697,-1.64860606759497,-2.137866408464829,-1.029879723710414,-1.0188922844332666,0.8972615136668037,0.7284173210853716,1.3429559547787309,-1.3437634651235368,-0.6449386726569878,-0.2576554222716195,0.08031554059637688,0.5514628529589074,1.419003051452327,1.4505793152660038,0.6832320379038186,-1.4903949255738431,-0.4140062339532541,-3.7171312707479642,-0.0020732054673898714
-3.8536491083416236,-0.6752125096308574,1.3657359648956813,1.5729618889183303,1.4066239044614908,-1.6101396163716095,2.4173263585677827,-0.19163778874945336,1.4202763924828172,0.29505623883918036,1.044541926539812,1.4133084457060865,0.6826845112780769,-0.43885958252608703,0.2838636903015103,-1.5706119118349462,1.3629197503543913,-0.1648854376905818,1.534527105542156,-1.0097880465126914,-1.122788476348877,0.256784769204642,-0.30658968250693674,1.9040700992133015,1.2036973842075818,0.2633648534521492,-0.6294682260822264,0.19621767385280792,0.0747637435277792
-3.952695336578171,-5.938144463878718,-0.33386829236560056,-3.4841621662345186,1.3861524753030974,-0.33247144759046754,2.9228799469905584,3.173818516480372,-0.7760471145893956,0.9973406668244444,0.6661139594700831,1.1150171906124582,-3.395058115972162,-2.2950809011347992,-0.8122149735510344,1.0350385773910662,2.1690984034677907,-0.9725419833920315,1.8355626188393326,-1.4989005886179312,-2.3474508091257698,-1.246062185553253,-0.0021163330360887134,-1.2261637108678494,1.2498194036887842,0.20544227219837763,-0.5429180171719091,1.7187984225869688,1.445243913362083
-3.3406623805316302,9.413960594234478,-5.488421792432007,4.313597700670114,-0.14012107727477496,0.7417679009440454,-0.04852517168755022,0.4747999233934891,-1.0334126092922582,1.896167562152003,-1.9486485332213042,1.0988157511497274,-0.4218799439124462,-0.9803770075571375,1.2688326982934552,-2.427832010488798,-2.459236473574455,-2.490797829744504,0.7427266265217044,0.6398775672380094,-0.7829380384332075,0.15500783953716085,2.8466927905601835,0.27221369545812246,2.004067374033004,0.22525999483106682,0.47543542082590023,-0.8383150859158155,0.6686761456406843
-6.589146842924764,4.736567208593629,7.263905307894768,-4.152794702948661,0.7740270423838943,0.6089938513285721,1.7603474358206324,1.6910117387380956,0.47848870763107937,0.3334506958947812,0.7791927649099568,-0.3898802561347793,-1.4072294700000283,-1.0508804441865363,-0.623448587166968,0.09804124395060163,0.872224954151551,1.102078526159201,0.016962444639909258,1.3382359545987685,-0.12795430775089078,-0.16221953482276427,-0.6554759054129033,-0.12483324869858226,-0.83117300355727,0.46197988914018995,0.3222504518692805,-0.45573166943926213,-0.3373789314016408
12.22318133406916,-2.3114891753283753,-3.7965421465277682,1.5542767700289408,3.317944557813319,4.420759758772276,1.5812282916047093,0.08643677877014727,-1.1935526338043891,0.5503923703032187,-1.6360112888600156,-1.489803995627779,-1.7459975185703092,0.25539522710775364,-1.039151435080563,-0.988499223355718,-0.12244616577093997,-0.9633935410932921,-0.6818349846950287,-1.8346360782056763,-1.7997869501309443,-0.6473121438592466,-3.0376304850084574,1.7708175377910522,0.061030672186446006,-0.3639847370821756,-0.0035408592002428296,0.1762700792130375,-0.0945783834919891
-6.065310678738095,2.240757676526361,2.759031835593641,-5.674643970442287,-3.448584357854789,0.08163848987319064,-0.9706158936011426,0.7785368326560963,-0.403539551901055,-0.20396433954386833,-1.9058042046907095,-0.40509581063557526,-1.6318912106709977,1.5991280892049913,0.9900431495414574,1.1757019867676761,1.0688546898238986,0.6128812169850607,-1.8593899398470422,-3.3839774301293133,0.22562165870362705,-2.6557521220870157,0.046662127618059046,-0.03381396962874961,1.3247591335235445,0.15396728952619293,-0.17404119700218107,-2.243852118505548,0.10242536869545765
18.80482250943993,1.6967769584401473,3.4794648612951953,-0.48552018241243466,-5.85935924552215,2.2672283318430155,-6.441163180331608,-0.4814591543815404,1.8204321567972925,-0.7923885482387244,1.6310850377097497,1.510216815683291,-1.978862704359858,0.16170705317364487,-1.5709142502614606,1.8988367386448453,1.755584196777499,1.036258583567721,2.286231172916885,3.507832146995952,-1.6413866527761878,0.7596853063063282,0.8346479856705741,1.2916806107684626,0.005333281632589504,-1.8492481649688817,0.4556049932196625,1.539315897788975,1.2894629528161443
-7.55136386278784,5.4993773061104285,7.322620899291226,-0.05911734378234437,-0.6577828637608577,3.001237502870746,0.9997634219130771,1.0286745803355744,0.3985868151231584,0.266571283636505,-1.1609911743080041,-0.38318868082632734,0.03781781410367013,0.41745227816424446,0.21508065905136337,-0.33655582780051585,0.4708330504182834,0.10633387029432395,-0.6748121911292257,-0.5295510165107046,-1.063111587586682,-0.15365306646865362,0.44324934289030177,0.810684629390771,-1.2606769072808015,-0.036128335999308314,-0.9512914260782113,-1.4159450460645595,-0.821030768558493
-3.4431405415034346,10.603532976814364,-1.5102484252052375,1.492698695322122,2.5121077179946147,-1.1580357644903663,1.0843761710396336,1.2208891111847056,-0.9245333793400918,5.420990813378604,-0.7305501655578165,1.4430885030095437,-2.7372443069632677,0.6048341102737431,1.6362162290559983,-2.5234275951006744,0.15280867392033165,-1.0901914870000058,0.6802884276637604,1.0068162077927605,0.22665266024835024,-0.889840745399609,1.1213929898688024,-0.3865000600631523,-0.6378024400340339,0.8839800725855893,-0.6297412618796354,-0.6897417366922632,-0.20834904470196014
11.945869433154524,1.0039053501476194,3.4048654622774226,0.05128347890798712,-5.948690883847874,4.048604520840352,-3.371411679473079,0.20731132831115545,-1.1094412341036055,-1.601780633377756,1.8493834885397253,-0.9423269302155844,-1.2476782046352977,2.0480054186868344,-1.064685939007509,0.5663370409505751,0.07427688687740644,-0.7398439427316905,1.4515513331402974,0.33158322475361723,-0.34394007373804225,0.002815922416071426,-1.1916063244477297,0.6457432057298464,-0.671930038557474,0.3523703396423019,-0.34911514483555567,0.5536990878963537,0.611720718689587
-7.549137442868071,2.170255094881803,1.4258903959092488,2.151222783829483,-1.534940335587028,3.5459404289310994,0.5355349841788014,-3.317520392823846,-3.2554130115688364,0.9160707200061413,-3.315303622474895,-1.9248136307391372,1.8693613143392092,-1.8568829547034262,1.4798637904758363,-1.879550349626534,0.6421181090988484,0.058682951393168176,0.07898026781849343,-0.22452921546652377,-1.802737290224517,1.584872563416289,-0.6030189642750489,-0.4739266128198544,0.5088607233106472,-0.5583349614892351,0.798828070470516,1.5182854309708689,1.5973763069934526
-2.4621500958040996,15.425802483360933,-4.476923923226282,1.8624027443717193,-1.031018078104578,-1.1926296169510113,-3.630589671802177,-1.998858870119726,0.06263765916582667,-0.050023829031546174,2.2163058809905984,-0.7051809621312772,-1.2112009706490432,1.6174533864317122,-1.9919959969619145,0.30140852331427,-0.16453336132305563,0.9342307537343051,1.7058855867247151,-0.7757150736329652,0.5129526057545907,1.031111715155006,1.3378156638110676,-0.621262097333094,-0.48744004931760554,-1.1970654337760473,1.025069388311938,0.9876941361485796,0.18032123018192647
-3.38433059225395,11.349891172679246,-3.8342807608477885,2.4655475620496947,1.485354313700181,-0.9611568338097449,-0.3449387902587771,-2.542922326890111,0.8663929708542306,-0.8943743445220885,1.5643142147228029,-0.04533630601940436,2.136257155149126,-1.3728832408709193,-1.8250836341580627,0.8843447379003129,1.1445067306323775,0.2592644359649029,-1.6456874805069854,-0.37629698792305544,0.3067648053544343,0.9921076980464301,-0.15024078122780082,-0.5183392207030303,0.25187164345954816,0.5130916785654914,0.00531660656672911,0.05609794535004059,-0.2244219784904664
23.913170793295635,-2.0847216505943806,-2.5185378900223387,-12.833179960604937,3.4795762757569992,2.381771489883492,1.4367108888693993,2.3854154351862076,-1.4738236347841513,3.1172508403272277,-1.4070598730484138,-0.6677090933231277,0.5270751837879769,1.1947052780703091,0.07139215644045083,-1.1977856163184406,2.3673648839481816,-2.927856795647844,-1.6087673714092638,-0.12726674542644223,-0.5220821526064716,0.6950236431854535,2.254970717234333,-1.1915648051480667,-1.3352808636636087,0.06593368154558121,0.5505910217786788,-0.9667981848371785,0.49649473726118964
-2.1965474992603826,6.513636813866526,-6.9298553943884595,-4.79419975683476,-0.19999783165961144,-5.551842941016237,-5.067603413429201,-6.602545395833886,2.3723716717032244,0.7285594484655333,-0.040303496986338394,-3.4441191845360284,-1.4096946285245044,2.9520696949123284,3.899302431441396,-0.19235730482766342,4.201858760113452,-2.8999291507256775,2.5798809553297684,0.6503539752569162,0.4968373181336852,-1.5261039239479561,-1.4575818649552554,1.0671150635294464,-0.5315143764005115,2.795106876780229,2.850589903787162,1.1807128129532882,0.8458757348160744
-1.8767088134786198,16.03803431823853,-4.12478751935832,-3.049921484398345,3.368864808006732,-3.0018548752826497,0.46886251548448576,0.6471644107937344,-5.984860795474736,4.9755718190128535,3.198591242257211,-0.3197230305984906,-3.199428325991827,-0.6803020482861745,0.4214300210303721,0.4960274627661114,-2.3392604740828187,-0.7354898790110224,1.1613149246549594,0.8128166952736307,0.17563201720662558,0.010779162480248683,0.7491533144933764,-0.6869752933341499,-1.1189116974515116,-0.20132295934098604,0.8600522349505275,0.7512301341128228,0.4443942438921525
25.91336387275165,3.0230003440293123,4.808701235540268,-5.291089811153645,-2.3036030975324895,3.4884553429726646,-0.7411408425211505,-1.4572609675760992,-1.7143507194353818,0.08181083560751973,-0.7157166905981047,1.3503350304444122,2.576946263726022,1.05337198650528,-1.069022050920343,-2.3781578274166764,1.0084739900900093,0.43906907653063476,1.6867362683973472,-0.712639938189475,1.3593315033038755,-0.21944755533994853,-1.017643711772282,-0.6303913027547438,2.2865898893611583,0.034156429717353276,0.5986931491089926,-0.18404106731458117,-1.540779738409134
-5.5886448046778145,7.477689486988627,4.968054592066857,-2.9104015432174015,5.169945857857066,0.7054987420289596,2.7140381142331407,-2.8342035063256388,-2.316069666491585,-0.7795419801078305,2.181175310396301,-1.9978894884661904,-1.7384274878252908,2.462590716844988,-0.800145479198419,-0.7638141703278987,-2.983310801344575,2.1799924705836613,-0.9391511642511865,2.0225297463018634,-0.19472627732260872,-1.0597735782665023,-0.07929435024389986,-0.5897923109043578,1.13468102984853,0.7593746110719468,0.9905184782929162,0.5276577687426736,-0.8321551265187038
24.4572578767062,2.6009603746624284,0.48306157667214655,-2.367823495390432,1.3175898928045358,-0.5794598522378634,0.5227667662031734,-0.004229789821216967,-2.2261270392416375,5.791635621339596,0.27744614864830053,-0.7032995012046417,-4.17767739574222,2.6070700032978014,1.3779821042922527,-1.633150261266019,-3.38558008572381,0.14903800862763883,2.040267829919753,1.0336406872184514,-0.23510938818721533,0.530653213667544,-0.20132947515947702,-1.2774844291066145,-1.195093302410538,1.5342171712168007,2.698507003468089,1.2041730469053094,-1.4141852934874537
-2.678492522723508,11.511621415863956,-6.246834763331483,2.9874061487294004,11.576083093626536,-4.433677912351747,-0.369819619691936,-1.7549420279990926,-0.925447467482611,6.443240525621183,-4.759903952535648,-0.36459581003839686,-2.9398782974304467,-0.4977119163299959,2.0662663664012317,-0.881061019070212,-2.241266949247813,-0.6646795458272811,0.12406817770207257,-0.1930152600451268,2.7194492660903906,1.855698097680582,1.2446926555227946,-1.9218546643976522,-1.4269461152634602,1.1423222597621363,-1.3144428420388694,-0.3823591583190191,-1.7063053630831473
19.27593674180264,0.3523007369715571,0.3944073134828904,3.352932753716622,2.888027742717865,1.7969532726643733,-0.887865704707304,-3.416272936717905,-0.09112938713699853,-3.617351002632799,-0.6901884724590212,-0.924461802460575,-2.425169539487274,-1.5594709391144768,-4.046123676887726,0.5736387855338043,-0.10935416881990312,-2.322682813739446,0.6378282820842851,-1.3298966608420721,1.9278672064011129,-1.134007569145901,-1.1416370318807871,-0.11789472295793502,-0.7737473503548964,0.4925867550554274,-1.4729032989023922,1.7765951581644903,-0.6047145669023493
-1.7157821568985168,14.25613530015187,-7.41978095234775,2.5739740347920543,0.27936962925035164,1.73215137831136,-1.1317301761970462,2.970595059726698,-1.7091420666476407,-0.3401129675200703,-0.6438249061349017,0.37336910950025365,0.17549251032142055,0.18514790168894818,1.313625333584385,-0.8271950919726566,0.6834352721012936,-0.6119844064345596,1.8995754330604702,0.7705072515824194,2.522171453413577,1.0957892283298685,0.9025097942652431,-0.8789314149518526,-0.35167500560649356,0.1962323982651479,-1.4315380781689444,0.19623776669927898,-0.41471110754794843
-11.526811795604782,-5.670800354156943,7.883414164257834,-7.429207994465628,0.03700181018638174,3.21267209756043,3.6697760443598506,0.007965665593626658,-5.9813378809163735,-1.1546507631878802,-1.165270381050302,-1.419902557497847,2.926917017782378,-6.888399456314431,2.577103428784257,0.2646141258165514,0.7018978098935647,-2.149735004155817,-0.8744354085287562,-2.9219789420638826,0.8267873038321191,-0.5866786617441593,0.9639381348196803,-0.9866402938908005,0.5294773615195378,1.464618823931193,-2.8508444957478467,-2.0101243331466137,2.0179917479011147
9.072397163506764,-3.169605773944439,-0.2035727389876843,2.208642290445012,0.7428425776541139,-0.06850372190678405,3.124593997433108,-1.5914584789123598,-0.4273117077358986,-1.5993777822979545,-1.1616904131849997,0.6275077092128774,-0.9166639752368835,-0.43687636105962735,-0.5592978533365833,-1.130967855570894,0.1974202479458095,-0.16970557200932795,-0.5222030158588118,-0.22851975273553476,0.2699387185887107,1.4519470059317228,-0.7817829871061692,0.179424516130395,-1.9201794283792564,0.8460372526522655,0.058935547851339976,-0.585320806925717,-0.9994238695530289
-9.028908744053048,6.785660984546496,8.406025982911128,1.128244040446293,1.5450068016532577,1.327093625047767,0.5906794409536676,-0.030398412288019483,1.372646842118178,-0.07090227146698991,-1.10140931647798,-0.9370929242216244,-0.24782395762428258,1.980267716772079,-0.5918487927290397,0.7206525865898586,-1.085805378837701,0.6522675787593952,1.1900659648824645,-1.6994669801772795,-2.5928017133781935,-0.6862521932996265,0.6640481126227,-0.6119003872938049,1.8777397014358759,0.3728268210872014,-0.26970945436019933,-1.6907936084720374,0.616296164010348
-5.434288032117733,-2.220734005148789,4.9046301519487,-8.497838273637004,-1.3143027248578818,-2.3481760315815365,2.101682708841134,1.8499198538992085,1.924444570404587,1.0071422407083328,1.7532701984472565,-0.5728010420858397,2.5093668628578714,0.16007425721705126,-1.8625722952322443,0.32221725945435414,0.04933448842727203,-1.9945770802988816,-0.8555207093433348,0.8963981768419617,-0.5750431409345071,-1.815702970101035,0.40630256558615885,-0.07983586679861526,-0.1597762074889919,0.4981586861866679,-1.1425938332022756,-1.512043711770053,1.5534494190451593
16.144178777943125,-3.359314804298323,-2.0120066388395683,-3.457750807499762,-0.42886475938937,5.989726724621497,0.8113329371038784,-0.23847319730646532,-1.0024690688337685,-1.1721524421656457,-0.5869305911263776,-1.5040614433023674,1.606422457735007,-0.5892799430534623,0.10532539880257552,-1.8582369335010556,0.13458615328221507,-1.7392988659234558,0.7314949989449592,0.9975038648529124,0.8074509242539452,0.5002717175544882,-0.39521685586137617,0.017877568891078,-0.17007173427982988,-1.1210546992109713,-0.9957478091436966,0.10476586504845059,0.6811976560259625
-5.125204597372569,12.858164826932999,-5.468892272751123,1.0576210623906495,3.6540206214332427,2.30596426192301,-0.8012608877066664,-3.0775411119602554,1.5162934661902585,0.13759593963075972,-0.03219813908507574,-0.9604746507670904,0.05364856650395716,-1.5121631450649353,-0.11077820894605683,-0.8459641091299482,0.6270011316938251,-0.2773789663001927,1.5412097283874,0.18070197027381305,1.234083742548509,0.5335795681518564,-0.6429430862301083,-1.5444496141644524,-0.19815968728464972,-1.0058928980911404,-0.6030862809743244,-0.43716407432750987,-0.5746255401009058
-5.621055980777239,1.606498477471852,2.2505661723783383,-5.035297563082951,5.777735628164782,-1.6451730365696853,-0.4173420181573184,-0.6075725152382023,1.4628356048488271,-2.2565921119722097,-0.376279649690834,-0.4463340714113497,0.23584042635725702,0.07355750516615789,1.321585450307982,1.404780821800475,2.216483222619783,1.0360719879038356,-1.406549293831118,0.49196101955600335,-0.4130784621552177,0.4601969959589882,0.5789294287659372,0.7933651821419134,-1.1287975509304256,1.2797388364397837,0.3575880343956872,0.5626222725102878,0.3638140109567562
-6.1232851426723345,16.3079806938621,-1.8736427229433426,-0.5010076455883714,-1.5206350783168194,-1.2966574686368237,-0.10371270727050369,2.148833501701336,-0.2882029294094444,1.7307535752762808,2.7030663845077254,0.6078944451288396,-0.7865586412253499,-0.010743114504602302,0.6975716259003135,-0.7837446268206462,0.5859833156997833,-1.3162018714886798,-0.5382138654424362,1.595884729439271,0.7471933335885643,0.5190504921161092,-0.9228071176247077,-0.19489753856035374,-0.7612965150500853,-0.16677935071292016,0.4179186433439321,-0.41989653152307294,-1.5354996590503864
-7.220142153760873,6.767439449869944,8.24492554408329,-1.3930693971538293,-1.9767568874325874,0.8133659678744386,1.0150360252207644,-0.9996895441587791,2.974354754346276,-2.271694202843811,-2.585342540783975,-0.7664557596576366,-1.1702744159981502,0.5323405711416729,0.6820849882751743,0.8171807942578735,-0.06894227317357235,0.024351040171487454,0.14119620416862355,0.19051484335090735,0.6155884761031349,-0.19516715104419016,0.041761992974271744,0.21284017338094002,0.08710688083105822,-0.27138023082218377,-0.03393116464761042,-0.3144373960355833,-0.25457810649887447
25.907538274940244,5.283416670429503,10.893366558817991,0.8437500136489083,-0.2993775841258497,-3.1012193406401396,3.030446618683516,3.6496077441619956,1.2340318897383784,2.5402118762705745,2.0284411237634616,2.639941912957262,0.41019293268273116,-0.4283937028047001,2.4149434242880066,-0.5128128900914882,-0.17236038349014315,-1.1328202386035497,-3.590847101146947,-0.03862456117055668,1.754637191501614,-0.4716444816256051,-0.3901368817878091,0.8553037926824949,1.040779945444249,0.43452666673395257,3.304339285105135,-1.0346225448405035,-0.7720551093922778
-11.93190081088418,2.3706101805219832,1.183729302863575,-2.725734273011998,-1.0499473893072677,2.892975617050947,3.1903318818306476,-2.5039194259578816,-6.9774858710976995,1.1077012065680936,-1.021669122750973,-6.034054786255604,4.086415966294233,-1.0286834293829368,-0.03906686800622339,-0.20538872233706534,4.055575853059475,-3.06945293133365,-2.6453306260831875,-2.31525611836409,-1.5605079790049445,1.4981868781668188,-1.184908110271906,1.1679575800275732,-1.1154646248174158,1.3033352062279846,-1.6982746505594808,-0.6839718227134552,1.6691912767929111
19.73306959166723,6.117657722903298,5.498249064915255,-0.1869629996480799,2.2070914863528994,-0.2128508226879143,1.518822108509522,0.030462431614770275,0.5741688338173861,5.387286836402662,-0.7463243603709487,0.3599294357460776,-0.7563879025526283,1.174327700411515,0.7929869890849832,1.1975226182567342,-0.6926638942497138,0.009523638331934758,-0.9118495642696421,0.7835534947992995,-0.6735835915200323,-0.8308445823623729,-1.7296078886916089,-0.47824428793658647,1.1774673009125014,-1.388661262335507,-0.4772190576595732,0.11174698642692044,1.0866965191059883
-8.960524154999996,2.03594103151413,6.1779912107667485,2.2930116509162666,-4.229046100443614,2.0689174622224464,0.13732612976748135,0.37598684617635036,2.6987198184034735,2.354510071075363,2.1962719390485423,2.8471523630957902,1.4061112690018478,1.2737405369365635,0.6488444085872825,-1.1572266471997716,-0.024280814967626407,0.16771658903298525,-2.15964586561548,-1.0511273766190998,-0.34560174547818606,1.036261269231988,-0.17060755345362844,0.790194144851338,1.9818588187445951,-0.0525939243831518,-0.544734746450536,0.5438835092079417,0.8748671281413197
-7.751971023648609,8.733810161154235,7.309912122581969,0.9319343916313672,1.9211017810702673,1.7173667787206641,-2.9333995224572504,-2.8376014053368546,2.463584677249583,-1.5627700493942958,-0.4095423403829344,-1.6567497375027962,-0.23392495340707303,3.2008081772004235,0.9636646760960071,-1.8005451019243692,0.1312649587840124,1.2265304325576056,-0.8435447606237106,-0.09113082115737708,-0.6839242775438079,0.5343848476160121,-0.4327964237502535,1.0783961613693638,-2.2900486740547517,-0.15278596916282527,0.2845011100840181,-1.6084103891447552,0.2756462371224146
25.19186967105309,4.730075365810318,10.460429757125056,-0.7118004350189323,-0.9592117242379471,-7.492666736652971,-0.13916793897185153,3.0623788948444775,-2.6277969036116153,-2.53221609446459,1.8405172795515161,-0.04117962809611156,2.467115052692753,-2.128005400328076,1.7574259243485502,-0.538627098614693,-1.2715267642779737,0.7608138681146978,-2.0877125764525113,0.8579216427941201,-0.3911204585597431,-1.9225618017837554,1.4385802762209314,1.3269390473240774,1.2579259819929685,1.470462841357275,-0.417610217033679,0.4478196788644563,-1.8989300285201187
-4.3278152548497975,16.805596603810564,-1.9184408154206114,-1.8204590369096056,-1.5224109959618402,-0.2846687849341233,-0.4933660885236608,1.3174842729716743,-1.070958027800715,3.2388906839864093,2.112228023222432,2.2634482399413036,-1.5398885913841664,0.6504331877012126,-0.11142750696134018,-0.20330401737458126,-0.23594706063489534,-0.3678220560129802,0.37648352786607114,1.6608201998420562,0.6325742811895843,-0.07768531709251231,0.04447447887865541,-0.5053354116923969,-0.8636961336975825,1.161083314184369,-0.27037848575913315,-0.3027928849725393,1.5552099659296403
26.3412520275989,1.0717415794075276,0.26654534383865636,-3.4173445934123174,9.48476954736412,-2.57407279303548,1.7974204908447047,2.535124062085057,-4.206862492662897,-0.45030124609560473,-1.9375588317857848,0.05949991596533433,-1.5131870208836335,0.7381165156370751,-0.6295431639494923,0.5216663804082922,-1.9573303735366325,-0.8520603532390001,0.7590540198151033,2.633610024982941,-2.831176109677684,-1.4697297850796716,-0.359028945035727,-0.9514046607025781,0.5437417089613523,-0.32510425864411685,-0.6171136864207107,0.8969051164237632,0.5299251658253511
-9.829320669675408,7.7389995134655685,8.835003838798283,-1.1319864506487525,-1.4032459108736792,2.2385711477852337,-1.4885046922173193,-1.6969081447516459,0.9917790281972543,0.7701333609992294,-0.5137816201142942,0.6191253073917424,0.1438282685021523,0.8436227966009725,0.19784262961087032,-1.4501844452263744,-1.249527172263011,0.28615426061774274,-1.3843347041898133,-0.5188222402751089,-0.08315081897458187,0.92935815015968,0.5494056709321837,0.11876631449695191,0.6302835724945393,-0.2900174129981601,-1.5053990229927927,0.8321087056269374,0.6413520966314816
-3.633369119964474,12.488007413283167,-2.5743199149542986,3.1313253221407664,4.409710000199601,-2.098304438805015,2.0436183725862067,-0.6471119454734664,1.716073118865856,3.8420520665584936,1.1010287667290741,1.6996898887399494,-1.3152124034129058,-0.5605304345208391,1.571987924542758,-2.3215636030448388,1.4482313310470407,-1.5693535563941847,0.7981533583005536,0.16565086934653284,0.7225784521398537,1.3162391364363222,0.6922587513608709,2.0478541767290652,2.830115796270931,0.928653229997152,-0.11734011231731302,-1.2142558791424813,-0.16480761516284148
20.775686237207545,2.147717313770695,4.648108279768728,-1.8980407490386195,6.754965257642386,0.1863589831084374,-0.008913261201872691,1.0044116286704718,-0.4731577309671815,0.43417242105195325,-0.9679932868043284,0.6887344962407608,-0.5061276193587769,2.1114264099351554,-3.118784920721443,2.0494890732595445,-2.2662916401571893,-2.5132293915440616,-0.7387547020214413,-0.6402869708818009,1.4116046101120572,0.18035288627199375,-1.8268069536676612,1.96127333632855,0.5622264704663589,-1.3308408148638728,0.29137629995268427,0.132036024787356,-2.334784226765194
-2.946966869066266,12.719528588188883,-1.5743186993532434,-1.9534946410216183,4.00668165564716,-2.5750516386673477,-2.995609467425945,0.45821870704910267,-0.08035895387678732,0.11380446360855845,1.0649698147486952,-1.881772291619434,0.5507272491373644,0.11042872105379858,-0.04597639631934758,2.020064195831268,0.8242034915515248,-0.46325818855491085,-1.219560753798815,-1.410091655011561,-0.7817954663002392,0.30638360018192573,-0.39432083206539614,0.6212074022462428,-0.7246794959842044,0.20300807986872332,-1.1226190514157421,-0.12446112175326393,2.5450548582946064
-2.822937563783856,-5.911625163575321,1.024808222168776,-11.7583633394171,-1.7797058302085627,-3.7037577764773326,5.52219069548741,0.6454202176237305,2.3527125587661675,-0.8942380768100784,-1.010140182558672,2.205308815608025,1.5293358028941202,-3.0385245653181094,0.595532703171368,-0.29111435726641677,-1.2012098560297564,-0.7368228141716906,-1.9120062965326574,2.0620091065774977,0.639234648957104,0.4015504171832469,2.354752001122794,-0.22548000866633636,0.8603097023372952,0.7210987397477773,0.1020613059881248,0.09057717014863345,1.2283166166460708
15.366252126648712,-0.7452419049440844,1.0249029216956533,-0.2087070663301441,0.7684292782534439,3.5505316315988686,2.3473953132816763,-0.24692528847247108,0.97268872599847,-2.913682013990033,-0.4819688471383616,-0.33072629045438545,1.3171039994451776,-1.1980831409721988,-2.0035068276807273,0.8754364280977984,-1.0866658681890653,-2.639050532372606,-0.654623711301031,-1.3951291375446147,0.30549921415693565,0.44171060579472876,-0.762216302385365,1.0712732360835975,1.252374059167465,-0.4515809825240171,0.41179955916707073,-0.4967293452112258,0.6670666272381838
-4.422151523086995,-3.0134812381908773,3.0640368547484815,0.3368439748776208,-0.20634077238433263,0.8174525653205,-0.5024899945507117,-0.8518123948549545,1.426796612400802,-0.2866922221373224,0.9855532336648831,-0.06872496195238981,-1.8621070503174117,0.7903381980571691,-1.2247620459098854,1.9089403613181857,-0.2111899753351828,0.6010062512715869,-0.8284173226112382,-1.3963715261799214,-0.0005294271678918105,0.38837307490717476,-2.4739599379625785,-0.5085861138478814,0.6962631740308854,-0.6059362341946626,0.013192854886599381,0.789762050332498,0.258139588063084
-2.5248050181312243,-2.007053336558451,0.6343601811567627,1.464725238512163,0.6762047995668272,-2.091647245636696,-1.72126340014493,-5.394154132338975,0.90266270008138,-2.2006170917767225,1.2574226162302318,0.7074045324499828,1.5602347111235828,0.05469785774966099,-0.020664896415866912,0.571636649097315,-0.3327294793871394,-1.0692098477068077,-0.674859265215626,-0.917483900212733,1.4456629845241058,0.4398275061802459,-2.3195619729751353,0.7384350980310086,-1.0614116207176563,-0.19251853737228503,-0.12878950785694998,3.454518422062807,-1.1039693709781324
-4.801822672460848,2.2300952424794516,2.9854623796596753,0.8175906574314151,1.3286713207846688,0.03551732958423208,-0.12730171223677136,-1.9111796658509026,0.6859759799343796,-0.8993590235593711,-0.16583465744859338,0.26249884188267014,1.4590433704334647,0.4253361704216277,-1.207969343844261,-0.9708123416827084,0.22213058986993806,0.6260923891011062,-0.6496887155259907,-0.35014016038950396,-0.5885423177389764,0.20029474238881537,-0.3981743767257422,1.3595994497641533,-1.163078765136982,-0.08951547709727566,-0.7719033544895919,0.3986300547144115,-0.22922382892851684
-2.6207738281988298,5.940198249705189,-2.0867761223567625,1.2560684297121325,0.5627783679472502,0.14129219356855763,-0.3684202847079376,1.270729317814585,0.0518952197273755,-0.5943261599427748,0.3428275800851813,-0.9908907363551278,0.2634202437881272,-0.012528720741075333,0.06968440566988682,-0.7497458575873689,0.25835882241464736,0.7211396016752849,0.18983640692011783,-0.16946237820413085,0.8280402873768057,0.2122968429761654,0.6258620869591173,-0.46584831090860956,-0.6441391495474049,0.39256429737724063,-0.37100562245906743,0.6699698724062211,-0.3121792119010439
-4.118127951792591,1.968544941588107,-1.2668243681093894,3.3093501119413826,-2.5688768409057325,-0.17629599579512284,1.0110893453651408,-1.0410412295542524,0.8903441981110101,-0.8569328582688953,1.0228957464375024,0.5427451977710586,1.42690191085218,1.217749294601214,-0.5909115176672532,-0.21872209160680173,0.44786415861733797,1.115765697658799,1.2851080450290442,0.22605961567306712,-1.8547086889172273,-0.6158654482365278,-0.4657644926092544,2.487301515302989,-0.10837455885702094,-0.7100149820709729,-1.0203959481664708,0.12132489672068247,0.8296078233462991
-0.8047572824880873,8.763670567271582,-3.2548334462936546,-1.0894496581501518,0.883556766354844,-1.292384581553756,0.7901250714612871,-1.1637175374863098,-1.2030593114344823,-0.6042558624122902,0.15980218189090145,-0.08461110193237634,-1.3304041449337505,0.19916074565155786,-0.9288744872827219,0.41419627919414415,2.2495058805902035,-1.5156205399703153,0.929801693409507,0.44028856521804444,1.803709791047733,-0.028636553076329424,-0.9551986482391157,-1.9086290798651835,-2.384216656118493,0.35779382752471656,-1.402491690208432,0.8621390378877283,-0.4831603943312527
-6.156026007592185,4.19383274158821,6.787455821954066,-3.1670546501386956,0.1784088651290548,0.8159174410489118,0.14237026742160142,-1.198852028265324,-0.7681204733938214,-2.0783363723770236,-1.4795336219635913,-3.501988885100792,0.3649781402556411,0.45687729772885977,0.3299757356349871,1.6315052100478113,0.49039942954201654,0.35440383378094353,0.30437696345023874,1.1146848533693956,0.7468451862500421,-1.4386569103990974,0.713469280835312,0.831755932490484,0.06944802310004772,2.0447741584286754,0.5207313014082271,-1.210906331856672,-0.3003121959786623
-2.0782701841160414,10.934560287111712,-2.373186730483675,-0.7692019093328929,-0.7929983607319351,1.512771186996922,-1.9827696474598604,0.6890877382784172,-0.8470929860069933,-0.13448680453145567,0.03598324134917341,-2.253855461718417,-0.1723698106330761,0.312875260479324,-1.0407155445764356,-0.3701373751203564,0.998555407120995,-1.7465675902926954,0.40241368673949995,0.8082489232046831,1.149479325326876,1.2169693399551824,0.21080617724640957,-2.316825225104958,-0.900326350151958,0.09003563378969481,-0.8494153147899283,0.6390437387209701,1.1218164821492618
12.667612432345841,-3.203528541230888,2.193109327836935,-2.1680616705511104,2.041064725340925,0.5674260181706166,-0.4909549375735496,-3.2607181786157913,3.6068799794015276,1.8062633490588698,-0.4836968456430156,-1.0980892088133702,-3.2275478127310726,-0.1533768768536078,-1.797797893871556,-1.4620293754812312,-0.14843036228292328,0.8344680399412979,0.58299371168027,-2.2338713174279095,0.5433177919095052,-1.6558518470851489,-1.1487574807084442,0.802730070384243,-0.5418755843883047,2.264163646850195,2.121732369250185,2.132942468844104,1.1232227037445681
-6.959482843170885,0.9058382267767754,3.9549151989349136,-1.5931443313286346,-1.9306105332969383,-2.7809069451610178,1.7470359687922623,-2.4531896197008813,1.805627039451069,0.40179697805645465,-0.6066902710149267,0.5937503390544322,1.953983489807393,0.3515427337823753,0.36813593568022696,1.5496633989234634,-1.2160954865836877,-1.1430063968011184,-1.7171295652130927,-0.32777037846427154,0.4956821399636622,-0.7863981618870344,0.31632338813613436,-0.795604367405637,0.8780122931208755,-0.4494785737398497,-0.16914115849739253,-0.11155266945977149,-0.4775669442217117
-3.837842172147527,11.437063818023027,-2.5878462671360887,2.002082305607847,1.8941163811065,-0.5080005825294168,-0.3148263808625379,0.08303912634981386,0.2562044805264527,0.941859289408959,0.12428746082710618,-0.19869043328054045,-1.4225225666752648,1.464583294032371,-0.46497940034261254,0.9206448558060478,0.22316044949107622,-0.5300537753085053,0.42022587868852457,-0.8630374953441882,1.502826355466298,-0.5820617936565555,1.4868049959642926,-0.11461871064040707,0.6633291032089124,0.4346469577531914,-0.47398948141532066,-0.533245109541743,-1.2007844824693548
-2.314151306032583,3.374708012753578,1.8732302883644476,-4.049686552564693,0.4697178244007621,0.22468990744603926,1.109259349181269,0.6200820231793273,-1.3225716065233704,-1.6609433113881398,-1.5878702730868668,-2.766840331749928,-0.15462027715341847,-1.2516830118032,0.4020736038902014,-0.49935899183790045,0.5276552823216066,1.0635883528208918,0.9056217960688276,1.5102972735827564,1.1377934677274129,-0.21616102548232913,0.38876066859419534,0.4018245055663606,-1.431470846782195,1.3190306329391746,-0.8541085151881458,0.4270901693191529,0.08193534622872833
18.55603640186755,0.5783752938781637,3.3758076867085025,-0.3685708083198649,-6.248083181853542,5.094614792076655,0.641193675833338,1.3250876216444245,-0.3428101212590173,-3.3798926468556525,-0.5108639362601151,-1.1392078871107763,-1.0657544431058945,-0.94048917973503,-0.28927435962843445,-1.734382750197537,-1.9719144116482905,0.2063625171997829,0.13206336154247433,2.0274133961505694,0.6703287344449869,-0.0020610555909883477,0.119148836570131,-0.40485977254600525,-0.562400963014209,-0.9389714363999212,-1.045221333477439,-0.8218809688605965,0.32737437092759025
-4.144045894008695,6.634729879656646,-1.3532208371881922,2.9288072992498453,0.6448771341735275,0.17846342547982658,-0.1850698280232079,0.036473243728954774,0.9892048486392933,0.6414498065802511,-2.265729915660538,-0.5953358026218525,-0.7735151631019593,-0.5891051355189181,0.7029478139260357,-1.4146017734283458,-0.20442009344833773,-0.027144840909558626,0.28665508476453017,-0.01927293164973437,1.7683870115608302,0.0545955823070321,0.013836297646000459,-0.8205462295276745,-0.18966513056225626,0.9592928420707784,-0.8866856274542436,0.8451255343547567,-1.1132322462641664
2.013427661696928,3.5985179139424686,-1.7199402439410587,-1.879065903236751,-1.7023315880686605,-0.23109355752673622,1.0990841117578811,-0.34943823824691345,0.2661095280585726,-2.2601342131843314,-2.213207118359206,1.8199272733355047,-0.9148828457513846,3.359143471070225,0.6454531564688626,0.1419944307093925,-1.1517894143416456,-0.9745219210763345,-0.9442421341758686,-0.6947297695085667,0.15675744157723748,0.6450149249911042,-1.4628119332616136,-0.8817420356755535,-1.4908075283563207,0.17268332891665955,-2.2143279560269686,1.2468428827763742,-0.3457026509861797
22.479557274868895,0.32554966111875827,2.4953490116144277,-12.208477072521593,9.248800763841281,0.913154600995505,2.012790806397267,0.5205245114861012,0.7267060706999116,0.35500243441589757,-2.594954467040118,0.8356859672153139,-1.328351260722231,2.2774643805399366,1.6007436088344997,-0.3730360696784252,1.2399031727715566,3.0085648988917635,-0.6257328318730763,-1.6587852530080431,-1.3582944791057072,-1.0253411685886342,-2.5231360275007457,-0.41536352577773905,-1.014589187175619,0.7545081829533244,-0.6161249190664502,-0.34716705511918133,-0.2133096468987571
-4.066333253882663,11.533138271965168,0.3697555118516439,-0.15884940513094212,-1.1798827992172571,0.4966635392965696,-0.06643532591182082,0.8635564265711242,-0.3352757209417516,-0.8974897040724723,1.3182138394313148,-1.0288037991612415,0.6623034635043827,0.8451300478467044,-1.6699717896333017,0.5816976406793621,1.0700955647283967,-0.8146120736806536,0.13814950913460133,-0.22944054012484769,1.5375628354820003,0.9698591933461955,-0.019981399229940522,-0.7580912949227452,-0.5833093609981704,-0.09754724105386814,-0.5680578662779289,-0.4341588119775053,-0.5015101860531892
2.2311301020527177,-8.17071181019943,-1.214897531623232,1.8519743936836126,1.7631446375353956,-0.6627998267031057,-2.0050110615685397,-2.268639768384061,-0.4125785103586844,-1.1126719116926544,1.004532005243031,-1.1273563580205122,1.1100248550595433,1.1082967812841793,0.8105881406533383,0.6655516487394189,-0.4789090494660196,-1.85969362156255,-1.4351939184723026,-0.2809018109325986,3.0613076682097655,0.025379378883669812,-1.9093949118636626,-0.9398127361519789,-0.9027861721596685,-0.20571945857959203,0.6875005355920281,-0.20237456070379808,0.0147763799475851
-4.181923515163968,-3.853911545451611,0.8695683821438248,-3.9041891759854224,3.64990397115076,-4.083251269689093,5.062335825545732,0.4285763281169894,3.1803463221964776,0.9600652014740494,-2.4766150621011294,0.36508371704616144,1.3934489764808067,0.6698963400184736,1.1470976411470435,0.4413034524970411,-1.8355425716372271,-1.6294246385785538,0.13641369493797045,1.3151417476809697,0.7719380850047914,0.47484227669377055,-0.21869011184616527,-0.590037212768231,-0.8125864703563901,0.2723687663738692,-0.07999982240387193,-1.7489877440046682,0.16423673065088917
4.042463409991426,2.6072216386176224,2.6381227913111838,-1.7120317888597198,0.4286139415713376,-7.066010401808842,2.307876878682466,0.9621041423487646,0.25321504226050606,-1.106489628532087,-0.6095644455645968,2.7052664331358063,-2.5525199326957084,0.8960026998069852,-1.5519688051335438,1.2381507651128267,0.9133586881656941,-0.677314353665043,-0.5975864034769778,-0.7629191243696251,0.8066227211770544,-0.5839937900302136,-1.2053020335356157,-0.03232806293291979,-0.5344448360481348,0.8154887591477404,-0.5465213770160421,1.3119190117453785,-0.028311743555639812
-0.9994265515023568,-1.8434967612606608,-0.45478295999652113,-1.4504203877692614,2.4520030361581133,-4.57561571168929,3.2644353100620873,-2.508032130926884,1.2077660531784455,-0.9235451400486943,0.6851701374918453,0.767051957853686,-0.7218618833018396,-0.0010380284723777444,-0.2150531394516144,1.464800498451787,-0.20794834424052488,-0.6766399939184817,0.7021800318360094,-0.9717314189175783,0.49270132506891656,-0.2256582937287163,-1.4156560209931333,0.8314180808990544,-0.5415057867366504,0.10526326661940126,-0.4535582864689302,0.4806945113336834,-0.6164396274175472
0.28565530748506385,-3.9045078634440356,-1.1096429949771482,-1.7005690905662485,-5.633955226312821,3.0988734969511915,0.1414532899905514,6.270919078598255,2.6789413576095384,-0.8890350280928225,1.2854938701946663,1.1070829644105433,-0.3780472585651218,-0.21422893027796724,-2.5080321350749504,0.5181327431701656,0.8030378430916216,-1.1625575851138898,0.13088753928403707,-1.3418417725127618,0.5144259938100315,0.41389421827091544,2.2412637504515054,-0.015992332526999997,1.4317129651960356,-1.9753131253389153,0.747116862892536,-0.8186137143101005,0.5289425040355679
5.648086747728232,-1.153599378666137,-5.525570058558534,-2.922034857085692,-1.8289087127758907,-6.4084729025487235,4.369154025376655,-0.8748256456626449,3.1752072938645113,-2.302406763024546,1.3766493161671094,2.02505014590763,0.12186250435185222,0.6405458277537418,-0.33707246857866385,1.6588122680506117,0.48106660266620827,-1.42450171210313,0.9000838452648655,0.27608105389639437,-0.11870513205698091,-0.7544254109701263,-2.081433705462396,-2.5554980378390044,-0.04707761872017424,-0.3558787675589525,-1.288743874894629,1.522275598686138,-0.3840699014996318
-8.359497507972451,3.935400494836289,7.143682581599492,-1.3116613011414064,-2.177943650085723,-1.2170092648532904,-0.4335651219141764,-0.47258663205909657,3.4104202436692663,1.98374433133846,-1.4394654317568238,-0.5911397739363875,-1.601301832128237,4.677928892219747,1.611077063676199,-0.7535485786102332,-1.8247783518302847,-1.804151721360033,0.3484493985368925,-2.2729508549854565,-1.5929072241524307,0.810878855920629,-0.45856681134313904,1.0127224467181764,-0.8532507410167903,-0.6829998378659361,1.259791006550486,-1.1007260504492773,0.7339414849702744
5.78217720392047,-3.7762298474968654,-2.4564282888318374,-3.594409241206065,0.08449435894794857,-4.007433029186931,4.364607262952653,2.007103273701193,1.1282025562773212,-0.6585329967984794,-0.752619701360212,0.141379986529742,0.2796250927257166,0.4861671049088224,-2.15201182030951,-0.01925434838105068,-1.2580323396336588,-0.9647560483422277,-0.06538528508339436,0.8226509144498486,1.1627251802072056,-0.13571723901490756,-0.4497546955653753,0.7052351058776858,-0.6847230097560433,0.40945163515916805,0.6544368387053454,-0.8902884926938921,0.40690172626184595
-0.6300572947408692,-1.9947771762739563,0.018753493272496327,2.0707208094642806,-1.730126229204919,-4.563025679422201,-0.5986512792342391,0.23312944741828787,5.666457975087489,1.6260802444989446,0.41451869759687565,1.9151714941777747,1.1672069062512822,2.5770025730966375,-0.18073404632366447,0.0956764315685728,-1.2494604366670634,-0.8477978433729909,1.342075551012028,2.394226552136197,0.008613425451759305,2.818220327745764,-1.0790620610079327,-0.7734834272157304,-0.821132166030792,-1.8814598238132538,1.9541400201443984,1.1319062353942893,0.7441281666887549
