-78.00253446684741,162.06277430649263,23.71952507721169,-120.68789942292341,-28.799735900481696,-60.226934600126285,-14.422229982218232,-95.96519000214653,-81.03082732243297,78.84592842915053,169.26342491363434,79.00657938904403,-22.259717262773677,34.882320390028234,-4.949213670969141,27.16313630440132,-4.552119112797185,10.213194182171206,29.325789988089976,-22.82513316195775,12.086309185510482,-28.739878112070375,-27.349191366390485,9.055450694319376,0.490460189421327,10.465248655598542,-11.339091943576763,5.377073915957306,-20.653723808626648,9.230348780296064
-76.52205350666163,157.5655896829084,22.821063284259807,-119.46803005433591,-26.395187891790695,-57.05597778867445,-12.123812739180673,-86.05151036695104,-73.10707969635259,76.80423171885599,166.04319695522446,72.80061650785149,-22.942795871009977,37.58712702956788,-6.963761556187851,26.45707224891023,-1.500609702044744,2.851817034507945,28.254885515078616,-31.67756559168399,28.787764004817717,-40.9342303609503,-38.9084077481317,-7.381040908734252,7.35441580732191,1.7897053023074305,11.400287791534959,7.887559456887434,8.42221412111743,-4.590982571852061
-76.17902700641937,156.10891587501203,26.19148814103154,-117.52694063827147,-26.65616394889422,-56.56861685541253,-12.017539670637454,-84.67572976432314,-73.17936574726826,76.94697608416664,161.8220412216681,71.65545412637236,-21.639592040544258,39.52506995957568,-5.9963614756188495,27.327844053655564,-0.027201819615581792,0.927429758949888,31.180797507046194,-34.19216035346098,33.999124650279555,-40.83990033272655,-42.2957611077439,-7.85283479544617,14.729020652419432,5.12401329953255,12.264111269995855,7.309204405150021,14.357596211433812,-9.920537272420416
-78.82330790862322,161.40852831510708,24.28067283737964,-116.87100539672869,-29.57773787606815,-57.237011050210526,-13.413335100094967,-87.69154870669588,-75.28495953328547,76.3029183813102,154.65992096298135,74.2205987284368,-21.70242141174719,25.31409080264263,-4.749053550455128,31.67059153718658,-2.9854448491650745,-1.7069277266912095,21.92112851219035,-23.318380459196455,7.738312719349549,-22.195244089319537,-12.057605601866873,1.7628754986826582,-3.859124045191406,5.206701759563382,5.01936785621341,6.7449914873856285,-0.3821198861379117,8.305293153783888
-77.65973036537453,162.05532500703126,22.08706038341029,-118.19269539524397,-28.41273581086759,-58.397889121500626,-11.868266987989085,-82.44520714343862,-70.94296529411297,73.1247420162605,149.406052541438,73.03533489119971,-19.5181258874121,27.471649085204916,-2.706004495150762,29.935793265872324,-2.64115842158731,-1.448979238490449,22.69969911155268,-19.292507420261874,12.043685841803113,-26.885785119951475,-19.466531933823806,-5.897121470174971,5.107065293313425,10.316248729128853,2.4429300977562036,15.95352935017215,5.660329462241996,2.863315058902709
-93.94980943800948,72.42388048832221,-20.369144802848282,3.014199509554746,-6.313056945271108,-28.50985862174154,-5.9489572720902455,-28.09765789951665,-39.05336867505298,24.516915853093597,30.88256902641549,-5.940906288303073,-2.95843406457258,-61.31957715160151,5.017066599105504,-7.161106864402335,15.607982511249313,-4.569292520623049,-81.38384282535242,44.62842680734659,-47.38480573708633,74.03842183853978,55.576601407062235,20.570440708531635,-6.824922247753117,-49.286791783101215,-13.07875743650262,-34.83685651225372,-12.09338424100878,-52.94662274657095
-84.74676071988463,146.2196447397461,4.05071903307415,-70.27564820074004,-20.358383006374687,-35.7249544620202,-10.741427173024368,-41.62528777655918,-42.30478940736772,32.1661468519859,48.23698987980778,18.82814273929079,-1.4355295413416465,-33.482148884563394,0.2712467469356189,-9.710056028331971,8.565739361447251,-9.973591968164914,-60.99178349819169,68.64827821886728,-58.24523225697792,109.34970788345686,99.99534821706995,24.196516237349876,-26.437252686457754,-10.661086853811144,-20.265203007107434,-26.771431378124323,-5.314268668823386,1.2785692482023316
-84.61444222909577,157.22485762913055,12.467391070414864,-72.69315078391793,-27.848888015697256,-30.834198679634127,-10.454247478830208,-32.55300191374406,-34.491566366210016,22.424088677732552,26.25184655245289,21.45005685586734,3.8674086658573574,-39.46090313753891,2.0551749849260457,-9.11710647793099,5.6393712973058845,-10.439906351713999,-58.466283249993104,83.39102937328526,-59.75278322433063,120.23244051137031,124.85340792539563,12.0049172052587,-30.42433127757039,-11.414649409083346,-28.454722211419288,-18.11569500189939,10.885665211798004,-13.454144181816531
-81.7088244435636,195.02200251211718,15.865014764162492,-101.71904533096948,-32.05675651814492,-34.20298664770758,-17.742344152647103,13.006635629832532,-13.916626951057655,-9.475915756127266,-41.58029559103506,-2.199837049012216,7.869711867967068,-28.774765414893956,1.7056331691843831,-16.621165742097304,9.217054993371189,-6.191800998707547,-28.416727957709742,61.16783493396136,-31.974934605962538,93.13022293460088,89.79905006629538,-11.904695531449628,-21.460705294847838,-15.084050272135945,-39.20200342361975,-0.21208980357971932,1.2303367050794831,30.91047545309887
-80.66659442617704,216.23530608324396,18.05399915223067,-115.0712240643128,-32.44768194976049,-34.0459838449028,-12.112735304425382,42.40521538670811,-1.5850711566377824,-26.590180382911452,-87.55861350111341,-21.67600365262445,15.194178300987334,-25.336979116217844,1.5338703375480616,-15.590554635710687,4.205927890523703,-3.6343118493085136,-12.079335135758967,40.08866697013655,-20.602773417399764,67.71184179511461,62.295818193390325,-16.434438607459263,-7.224957439228178,-0.9129652079480689,-36.98212004616171,7.3383070872736695,-23.67660991177056,37.819874789426514
-80.41155741676496,222.69484789074244,20.96039091139949,-122.06046650752778,-28.895126221971328,-31.049396957917207,-9.06495776793678,55.66917767451631,5.9199707769385475,-32.83520057474315,-111.05369419712304,-29.993025372496817,12.036208157245602,-12.61521551145608,0.5515543904293035,-8.265497152076376,2.396289090744426,-1.0358386253304235,1.1810267413637516,20.4647770601085,-13.93845448206772,27.42352352803391,28.949415571417486,-19.177570233320832,6.098738873757592,12.91116835021702,-13.444859994056964,14.566988668265665,-28.96727388829299,32.080505516945095
-78.14311275761821,224.89171336596246,20.91383320389806,-122.6360508755244,-27.488906794746423,-29.330465847339337,-9.94469097075727,72.31566658102116,17.056122065272657,-42.794752471779105,-123.36596282400856,-43.63598658009775,16.12612721445908,-1.5679057521006878,0.64694136755882,-9.173994056451333,2.7895899245656666,1.0585540395110447,12.479900883086165,1.906704075865054,7.241046743851742,-10.758855185444407,-15.524084529173136,-12.066767773605282,13.497213504236461,9.201294885987863,10.833623202842695,1.0174493531159632,0.7231079839940888,3.5312359332600742
-75.50727693862692,222.5786337341343,24.826566725398607,-119.31299749039093,-24.55506391696084,-27.950032152602954,-8.320500988146707,80.86964736953585,27.93615483513087,-47.66359063321736,-124.69737845606979,-50.830928215289006,12.738309880643852,7.212509854353476,-2.864310488941432,-1.722832617562939,-0.3529594035812729,1.320497283752476,14.602526093183107,-20.75212463161278,17.144994950362083,-38.56612538117113,-51.91453681652507,-5.4156459289889245,10.998015813227562,5.937806784060841,20.509425276418437,-5.521841724698759,8.599422116265817,-5.095929160732306
-75.8021159115816,228.6354396866734,24.105232642562715,-122.65957574864206,-25.06990591198526,-27.282081138572316,-6.554158481913039,80.09251517466613,33.82367958990562,-47.50201962175853,-125.62712564930666,-54.92599161278179,15.808712101753102,10.917362198874786,-1.0611031756869063,-6.436324470402072,-0.5063537257188755,0.5215878999812585,14.381734691835119,-26.277655694483094,13.78030027190395,-43.96135737726218,-55.66920713468952,-3.088637674448138,13.100271988354608,8.470530865838175,20.302051021567816,-8.6602977819057,2.95548771884753,-12.820461593647876
-75.21280009284528,225.4583563386972,22.680911351935627,-121.77061578171113,-26.969210921925097,-26.631229916967477,-4.870263595725054,82.99743811917882,29.83117621455158,-45.95764062469363,-120.95980846737766,-58.70935236937739,13.926878547259244,13.959529465310565,0.18071452678830335,-4.927354508553906,-3.113012985379489,3.7966188098237375,7.614409421108012,-36.7709021456273,12.75627161341488,-52.775534163060996,-55.800016309172776,-2.7145204746622573,8.170998192429764,2.155193798869874,28.40510101812462,-5.232854440537706,17.725757859459623,-26.72747761888715
-74.94524693364093,227.08034710162008,22.749192065201036,-122.8619002237891,-26.098755387178596,-25.150522143142165,-5.8973238211125265,80.39735567587756,36.26126594513724,-45.642903143633355,-116.81394514726114,-56.823634886817636,14.26923376936556,15.339383059573354,-1.3134218188270859,-2.313566823289862,-2.274070719832755,4.844593737939112,5.655303948704255,-33.88427742804028,15.56302596122507,-54.61076797993611,-63.80236823085548,4.479138703788081,3.5883753130371216,8.349881031951112,32.41258183510392,-7.266172606424408,18.073985305283447,-22.311280695212364
-105.474056799759,-1.2604528774483226,-49.72083548787254,61.19784293651613,4.1634423559778595,-30.659445305891715,-5.290438120291521,-35.33352368585554,-61.14628096902061,24.064174007884436,-7.1248340150879965,-17.515669359661494,3.514751610153326,-76.72408395142304,12.228502909743812,-22.657677304174644,3.3241754000059505,-0.9419502605602367,-75.68977180609261,-3.5890562857867847,-15.85338746336726,10.614529715155264,-62.45127030845045,7.721274262476479,27.75024022113929,-8.605228656142181,24.817281014565673,-31.59853061326759,-16.29179998072817,-38.57638555164707
-105.52223973261468,-2.2762937859438415,-48.32072322554835,61.635956600115634,1.8952507059792019,-32.898737999925736,-5.219526094733625,-34.392062167745685,-60.6506788376401,23.75711249305452,-6.848240591242729,-18.49504349254297,3.180041829917356,-81.62835094929618,11.95906089287014,-19.645980105348276,4.275989305857132,-0.8944773156305588,-77.69116530082978,-5.079509990940361,-18.51815093563113,1.6934813167876925,-61.17406672375704,10.028085900173577,23.226431524177002,-3.7591046346728207,22.779650267768197,-28.51231875442387,-14.231368423911679,-31.708777224895965
-107.42593403436314,-3.4029839611571613,-49.24109707958631,64.47987488975873,2.514498148728591,-32.87421860126892,-5.86588712181214,-37.15382677021311,-63.22036195132,25.183359185378023,-9.288633767363788,-18.719994646004444,5.037475818226353,-87.20249290304695,10.40384188172856,-21.471184879807797,4.5073125658229065,0.6248490475248276,-77.92572096308331,-8.274046857734358,-14.466392968356582,7.394472476865761,-65.09283465687545,5.896718883619766,27.807140808876717,-3.345125868454658,23.78603189787497,-32.43563923929822,-14.606332004120183,-30.702513648981853
-105.45792540794722,2.1542739917527562,-50.99439138409772,66.55193677527568,2.2651731758814515,-25.968246470075933,-6.405790611765587,-32.59906386094841,-60.684406040417606,23.678995190142913,-8.914920134886536,-14.040416173231211,3.3178394528249298,-81.7273652198774,12.928783412937742,-22.957408228810344,4.666339405272943,-0.4169383066888508,-69.44042488304672,-3.2871872525108023,-13.81871936611215,9.712299673916142,-59.9926534892939,10.247526610395157,20.01580177626686,-6.8948967738591245,24.33894175492235,-37.97582354741649,-8.417083676343065,-33.31241424629443
-106.4925613572806,2.712821503722799,-52.05395799377165,72.60900086263308,4.35735955451962,-24.511815478738782,-6.908751678785502,-29.17291591291871,-63.76909597427964,25.8757351680173,-10.564474433805467,-13.049362069454324,3.418049753925298,-87.42907800583025,13.70047134192807,-24.175674905708334,3.7161888471010336,2.078173897874481,-63.470947569900964,-5.106108538381421,-14.047948721524563,8.629802729564657,-63.3428046228107,5.805603244928873,18.836122463362454,2.2824708589664704,19.276327838493284,-31.09179894140304,-1.6165360068828418,-31.371343701286605
-106.25635637042686,7.7727466449171905,-55.0880156467557,82.29488177903917,8.290594457269744,-9.631491667947413,-8.705366075035176,-23.009592521626782,-61.00125797585524,23.74417512432966,-12.759520767741373,-4.470856654349057,4.991477644079232,-91.79379519115186,15.07235721219189,-26.743973879355437,1.3230687141930382,-1.255499474021662,-45.57729026488248,-1.4836981908342475,-14.370075366042627,7.410979867535072,-60.48891825811203,7.976772509237317,12.961955302807587,4.859250237043569,12.441971838947982,-26.783519183887126,7.409587375616178,-6.903495582557605
-106.43701927424111,10.299456566184707,-56.272341865443,89.01418468220186,9.069102766916341,-1.0040432207762693,-10.711614582874999,-7.794543548434016,-60.903829343203434,23.6100134281258,-14.624598786383565,-4.905764100313604,6.17712132622939,-86.52927075922169,12.04997705976563,-25.305011979104457,1.4405506166560444,-3.743482913889588,-6.810691933692739,4.765879930841478,-14.346093104850421,1.0101091918805665,-55.12483960569707,0.8239458045693666,4.038973128658963,5.949764477568251,16.579823087424234,-34.27640399245845,11.331943318587639,5.993267391394704
-104.71391025007534,12.921546281534091,-59.141269560843575,99.2801928500862,10.487598350362541,11.036768797946383,-11.971043607618252,-1.0347882792930534,-60.480704628521835,23.006648656689727,-16.836436704876082,-1.6759679783389994,9.082089837175186,-79.5690978083968,10.3507378921674,-27.34939003297212,-2.830038723217057,-4.4573668440817045,30.221065648910802,13.466564415190327,-8.262400972216714,-2.3410881314615337,-44.76038072005382,-5.7102917405159355,-4.143366430214335,10.2585826103971,20.848397589974745,-37.06436118830228,12.692670406087673,29.55660511176123
-106.16067142286575,27.292454769345543,-64.95321165099378,112.63716317588506,16.202693638941255,29.978397166732183,-13.322299449045543,2.770596175619207,-63.562005817263625,22.771190386571213,-18.474778608263698,7.51580543889099,5.682287968602785,-76.62188163899008,12.69092162555317,-26.646345956537584,-6.199903538236994,-6.711626179616791,71.11845761739428,15.499464119917937,1.1708778880720947,9.36473220511485,-23.084817114848438,-2.321928703382384,-4.320532081618138,16.25818792809741,17.65349867612277,-36.040692033029984,15.207829674154524,34.66277065169019
-105.26563858188983,40.158480611176536,-65.90812401950109,115.11856559288255,20.577437222535277,44.90395393516679,-14.999536937156725,11.506027235938857,-61.62722585395244,22.260338207773586,-21.183785335479783,15.640081507318703,3.9452555492184853,-60.68654963384797,10.87490692474496,-27.249519114438918,-9.680822304234667,-3.567676189662425,101.4972026497185,20.663764607985296,10.973040659857709,11.690253243957928,-12.975284349261063,-6.675576314244988,-3.7149215432627085,10.521955756778452,7.844540397456058,-35.36530708402833,15.913140047210513,34.228287375722694
-101.54031347628049,47.196122496976095,-65.0425335148371,120.66616291632295,18.63430777018575,56.25758803376114,-16.634855752392223,17.42842726465494,-64.05390485642428,21.939440748531755,-20.581039420831452,20.31301917147812,5.1891690603883776,-54.06616387424914,9.254806750092206,-29.29846907770897,-11.678025300996389,-7.082157535878903,116.70901078655567,19.502717707366354,18.947912260264882,15.03868835227068,2.1598897816642957,-4.725573688216743,-7.992648709324055,-1.2937052594691023,-8.34220390604864,-22.744732696350024,12.43879643050039,23.467254621514197
-102.15825028807356,62.646938422691484,-62.357218851552545,121.1021655012501,21.12344764507102,66.24159082609117,-17.59835619846096,28.52362288660284,-61.31554126722265,26.725796242516232,-11.82613402009704,16.754106487530024,2.1904781482836526,-41.73756216949378,5.93603225316293,-32.37689968434751,-11.243938395131963,-4.011461610189343,123.08170539397625,16.0586470276143,21.03165070163488,7.07530480267508,24.17763510107295,-6.176326594113798,-7.823709308713454,3.293886645103562,-12.762955284896217,-4.489052390369762,9.791686439209702,14.443610994361832
-98.15816678366393,69.16188093501896,-60.38635346774028,123.55415578287419,23.458623326873717,72.94000777533213,-16.993417005445536,35.61803064108213,-60.06509312361334,22.285875793798134,-7.898242067457673,16.390396007936275,2.7459763318411183,-27.08827042446708,4.5393880027364455,-30.385738102169235,-10.81116333984771,-2.28045015556292,125.63125443430556,13.782216561858807,21.03947683528624,3.9292445888247918,35.62530933190959,-2.2316140988547053,-6.021519462058967,-9.724308578903482,-7.251975140091184,9.564913339178096,-2.2352386744841515,-10.867550522070994
-99.0461984569797,75.5033557251303,-60.755888174901344,123.79005959489716,24.90710980160059,79.15339238931809,-15.538189167978482,45.41438857132139,-52.896729808541224,18.35101802618057,-7.651866153910353,15.170666120553058,-0.14340063260540176,-8.570000559316307,0.10039362615847082,-20.42739953811571,-9.630246612941722,-0.8043176081448288,122.11587135706345,6.008471542821847,29.375318262988763,-0.9378631110705683,33.226939931759794,2.2038995450554486,-1.9025222671883315,-10.748689531721242,-1.0149848523624172,19.15761291182481,2.221673386403181,-27.342947741630777
-97.1858940228227,81.76460585868004,-59.00521116793265,125.55024728763652,26.4251074882698,87.91525057523825,-17.644464717317085,51.0407841108052,-45.31968572818095,16.806660806600988,0.15280166526341157,11.571232113805422,-0.8642329981804753,16.60231557535845,1.4202304328576212,-14.091563630511784,-6.765203071090188,-3.1395059110634578,99.77260013672624,2.866689633208881,25.256226977436345,-1.72350903495195,39.6506663373832,1.678197997151412,3.1951187083143453,-23.63356653431466,-4.45208065245062,43.52170469292802,-17.95928144614984,-49.75259904826464
-95.84524180004061,86.69045976479697,-59.29142514756106,127.67279162736467,28.158804968396836,97.26578598863571,-14.506008326946194,65.70704859575679,-39.84010363282944,16.81090316536899,9.741380742831375,5.304583754631878,-3.6524576017933947,44.19725242100789,-2.227237257454612,2.002059648896523,-4.651709955225567,-1.947417634751605,57.866199255158385,1.8886959007484025,11.2424813226389,-8.288589044939139,37.3811459828005,-3.0979970001064747,1.9230586820519955,-14.978913906601656,-16.922391659743784,44.78606915263794,-28.48791081844948,-53.3713448472938
-94.50833432442941,91.73395042238984,-53.8663636739424,122.76857095177965,30.947922917665238,101.11642170372984,-12.917348998785162,77.49397497979992,-29.07467143466394,14.247066422135497,26.33767816482796,-4.26100322947297,-7.439128980817508,78.58333201857664,-10.057407761459523,20.043248962676614,3.4803861467026698,3.3350325335475124,-5.4933758103862855,-3.8027372477184787,-5.871171091983482,-4.902730701197499,34.01622487468023,-10.751748368505368,7.66737334580266,-14.659335433152815,-12.208167130974905,34.376566612509606,-22.07925820221076,-36.32105702681215
-91.01297069241035,87.80676699194153,-53.860023838413724,123.72121205942126,32.392378240815994,102.93989165494342,-11.701122927406338,85.54450162772626,-22.279506038027762,14.348392591869562,37.781868101508564,-8.004432159384486,-12.512938688666992,108.53409583962089,-15.121897655224101,42.399090332074906,11.77724675891921,2.8198066970670417,-69.90176510131542,-0.5747658534069717,-20.088582697999968,-5.937540573425529,7.125491955872387,-11.880626599398695,11.134114523860504,5.955798630462255,3.1345096519253417,13.20183457792277,-7.670331623624701,-12.151594922294963
-92.72539161345716,82.77566250233926,-54.29912813109773,125.12150689122805,32.07557787907271,104.13739410414776,-10.90482602216704,91.46244212163408,-17.582969660975213,14.757096341245878,39.237623594777276,-8.119896459529222,-15.888494878207068,118.54429908845748,-13.91258736912141,48.84881313117932,11.698129269436473,3.7242794634052534,-91.35131164829929,6.724142887375385,-29.35515793885339,-8.67295912777731,-5.7701474734658476,-20.147497092687267,7.816781245620619,17.897031746126498,2.6865462128964928,-0.41639522319083055,-1.857476248367097,30.7199024758722
-92.90502393040262,71.88733963966602,-52.68193068542648,124.89306516436532,33.07879600475086,97.03248773888018,-8.593413478911833,86.27202374816714,-14.513035632982993,13.043301362633628,36.196984023133425,-6.217708528623121,-17.712321386316358,112.7067023256723,-15.230464467238434,51.428015874581426,10.151269805899878,4.328846238159356,-99.68621341967332,1.9686988982305382,-26.62009421957406,-6.596570886478395,-14.845753671738073,-23.6517269592209,0.9655873746144614,28.66508824398094,10.788833781275187,-6.617939638424549,12.177809911490517,33.70316622578617
-92.66393146859016,70.02234899980968,-55.311714410665175,128.88623166119663,32.920684165583275,98.23253274408033,-8.049380338404614,86.98473294717265,-15.65771565898392,13.732045962662237,35.84661702956619,-8.611854714962911,-18.709215059081206,117.55894686980778,-14.55254549102591,54.760913352190286,9.505006190334829,3.6907785978909997,-101.0996898138802,3.884679636021279,-25.57585901413723,-2.8003837480816793,-14.473560974486137,-30.129844510037493,9.050053835775694,27.959418057591773,4.777639604080021,-1.1010746186003337,16.08636291556403,30.25154732655498
-92.99642921576263,68.13359115261942,-56.548066733386506,126.79014866270273,32.83556479968165,98.7433348874673,-6.568229152712978,85.71742576682793,-17.541944489352527,11.152641928812516,35.23882667740577,-8.613934125984976,-15.267402406135156,117.20631493690763,-15.300037720263184,51.09085269767007,9.507929931500417,4.007377161125402,-90.44240945376609,2.1390496343653593,-21.983527572694925,-4.889832429335534,-15.653802274534554,-25.964048515155913,5.641845985074638,23.78743595186471,7.309545541187759,-12.195490772700776,16.794090757059227,30.943951732035913
-103.5352103319305,-49.560145538877585,-36.23858601496577,25.990516264032834,-8.030171234864927,-67.60276197208694,2.2767402758739257,-35.863034552384406,-25.73023981882209,3.0301515703406534,-28.067853756576916,-31.345705734786172,10.261180257395267,-51.159220698982544,-0.21627648646239658,9.79850694171646,4.103916763614809,6.535625256306638,-50.98379916145147,-16.513188799301545,1.1821593028204453,-63.44811604668164,18.256212758497462,-16.757932713704637,-9.930639182849944,19.171305936611432,-41.47203793298879,109.31676108207138,-0.008311093967576896,5.8858989703133435
-105.5392626808683,-46.91132643050348,-37.915382915661446,28.877078584317537,-6.152540336543057,-67.8358138138545,4.6827585321495215,-36.831559594971054,-25.25613096798815,4.821767201330701,-27.28679928572913,-30.74972656696852,12.570044081107207,-61.099722394110266,2.475191745771403,14.507149153271481,3.13140759291422,3.8354419122097294,-52.518482554559355,-22.05828863995787,-0.587754228943377,-60.398654832051875,23.432983650337626,-15.056083138394442,-16.636217531576396,20.22493970847881,-47.92476064039814,115.98283915047546,-1.0293914878100914,7.330200698635927
-104.85355933290086,-41.39919809120007,-41.29326792004907,34.124183295280474,-5.583204814195794,-63.681538781544226,3.8894920346490083,-38.49658669756192,-29.019171807215024,5.683013992670682,-27.54131275133219,-31.69944594049544,13.009157314246204,-60.26019342397137,2.475048443181588,11.529868704478679,5.044102419073644,5.536440617999075,-48.467355559343794,-24.381943898267618,1.1771889710142043,-66.34507899691623,20.602893618189345,-10.701319590392911,-16.112626001710126,22.970689266085706,-46.463065442351706,116.80327829776786,1.492832553757906,9.497771533307654
-104.35022500581162,-38.26761133093409,-41.44639811087325,36.4587204320592,-6.185853883006703,-63.082814938122134,2.5557935482490537,-37.2759519428514,-27.825461172071,5.524001936004124,-26.402831069215345,-34.04487408322318,13.405386687809322,-63.91940740837806,3.490384441051748,5.255742241776591,7.20962369809031,7.204347663020683,-48.316471136694375,-24.10329605872318,1.6459946753065886,-64.3098516667747,21.049332326017556,-3.7205143897465707,-19.784177956086367,25.86718494115074,-49.91482066714483,114.86002369845272,6.402633613967195,16.478609332706096
-103.11069674770582,-19.54360642461476,-47.03702389926956,46.534904291742095,-1.538930117243945,-48.568877838204685,1.3927790376857732,-40.18828411560661,-25.211432980827528,0.6387384815507969,-28.814160348696632,-21.81610862091981,12.294970270471277,-75.59655583723138,4.698384838535182,13.296730664929832,3.504477899190027,3.4137272987532983,-42.21374476451914,-27.38833795836375,6.478189675677779,-48.90580324400182,12.262835591354797,7.79265612913112,-19.539448283154734,18.0383034726839,-44.936323329917755,82.50768269489141,2.067043159389051,22.510976724052334
-99.4651476176041,10.983416154192076,-45.79394006443136,56.22935526221858,6.18356241170862,-21.51711270878354,-2.2177337126987586,-40.22320996121372,-9.674249662797305,-5.15190890543254,-24.689399185948485,-8.166253233242802,7.9859846632081375,-68.5885104189655,8.711091783589833,7.341639376294588,0.4000835091506831,3.1064014440435153,-12.103502625070766,-39.36693282345252,21.28915465081448,-32.00732887468452,26.949606005711804,40.36680033029749,-30.667376471707772,-9.408065606037818,-50.922479695812285,40.14467148175728,4.104125230125997,32.09085268659724
-93.90736936876714,49.54026530316066,-38.90801717423763,55.62795039113347,12.597948798575414,13.49927570222614,-0.18601846660849838,-29.619454760832735,35.0934801863641,-22.589001882348448,-9.265973480925101,-1.0271304347849914,1.2633671157947775,-27.399880165325545,0.7785119481551948,1.075559300368633,-4.253652601301972,0.6847334176060694,12.232278902709542,-52.95197726175638,49.55420594447427,-35.27862574010595,41.825700855211544,94.60331844432618,-32.414791600895875,-40.051853405203715,-49.81593560762752,32.935892004066126,-8.488066510509647,15.036005290804646
-84.34696688685594,69.28344543792683,-29.599375338161842,49.90709729011493,13.944015441263662,35.440119453218195,8.832993611535883,-11.812003591721515,90.00546093516476,-37.60381728459042,26.458147884639995,-34.56111828610929,0.24178046338132203,7.758133303153283,-0.737428781586143,6.221913368176765,-0.3865282707968383,0.6569897008530255,-12.139260576898211,-67.36270506344876,54.160618232746494,-47.729684253587116,28.91641984298739,132.7200734650585,-38.3364035750934,-78.86188242152194,-24.093542043980758,-14.843973846004525,-14.852286028291468,6.983498946580686
-76.1952258747108,69.67078539756633,-15.17273475580298,42.69873523183925,15.351924056394255,46.632471446756746,17.329820595548696,-26.26676363706953,139.8411901799599,-44.99816102924858,72.05585932156242,-58.858658705372285,0.9446857083664036,3.168781225594669,-6.256453131784003,1.7088825841577988,6.296013223340401,0.05112432802317411,-39.36673686600625,-55.8015619458572,38.93666801455515,-38.316732211693285,11.47337561966117,143.23670848638983,-53.594602535288054,-82.3996553138719,-0.1598618731174905,-59.97617254653112,-9.193259129026002,12.487093052439642
-70.28437776975464,66.00207060777926,-8.985708405901809,33.322504731520105,15.37652633229505,54.11399368385546,22.744099315731354,-46.42539177552839,173.49147692650698,-53.7830797614231,105.70819625057499,-80.88506274524339,2.9975678949308735,-21.603872357445876,-2.978943213916012,-17.950516176584188,1.774200488408564,5.824790871295774,-9.11891201876104,-20.736133655919716,13.671555531439925,-12.30557058917784,1.7825481529165408,106.37761005037002,-41.53310761474797,-73.4903042449993,12.883924513907667,-51.48914379524027,0.5427309393072787,5.241602897947419
-67.14759546133126,59.0433205091871,-2.0653988375878027,30.950862089544753,14.189285991752339,54.1256167084265,23.671303717595674,-56.34636414336548,188.2730115571715,-55.310141604594975,121.31922414482,-84.2851440653173,-0.8047564842008125,-34.847234472751225,-1.1354661481144532,-24.416518987544066,1.9683985860168352,6.9639711305859615,8.961205685530992,6.579105730044077,-5.204503106622535,1.8457104209637412,-12.154305186747747,31.507072213089256,-12.262533394874705,-31.80214567917404,3.3116536547463395,-16.61651796907491,-2.2422778968627592,13.847942884014634
-65.08887137019346,53.83308024427139,1.8338121733686896,25.353288504525228,13.540521609324157,55.4543039533923,27.180071478916155,-62.040423946154405,199.29960174974738,-55.81259101827928,130.81298717881822,-91.23884120621184,-0.9315668083653116,-52.671843139383014,-5.347751494618083,-32.18168949970169,-2.0201826458934784,-0.35656165892193786,22.421666537236998,37.52738090690849,-22.137999077307153,13.149197760733042,-14.984932971779001,-62.452917980582754,25.393089905691646,34.98821020005386,6.345185551939148,13.322388737285573,11.714241908742798,-1.9697041324408329
-61.83961001692618,54.85371738049896,3.7103581165951596,21.686311472714333,14.694057798368052,56.86175841184894,25.78857027325882,-64.66628930164465,202.50039557023425,-55.8262085652758,129.69252479497888,-91.68849081541771,0.1717252363490781,-56.77646301856264,-6.0924729511941695,-37.04459823590036,-1.071380236406678,-5.782011874728546,35.89339572895282,45.87409928023058,-28.759740410309842,12.996371470047421,-22.781798489566803,-101.15855723002807,40.28063926754881,77.8251383564995,0.6304610225609492,44.54003552957072,6.534854463115977,-12.21609861427479
-60.3862611976275,55.32466071086059,5.1364518521478,19.189743052291686,15.024837948187368,56.54849211116529,27.852034461756702,-64.8583355372384,197.0409901443764,-57.19038873301902,122.26038289172917,-85.66353424376545,0.673612497428037,-55.11518874807421,-5.745570996666484,-35.54235376706088,-1.467222143039949,-15.638327233499504,32.45078756655288,48.0091404188621,-37.99972052292474,20.94610100922023,-20.04818431256706,-105.37466529568637,42.13652993449612,75.56368878936658,-1.1809519987804085,50.00349671211963,-3.8939287911791434,-20.37810990093041
-98.65861453889745,-70.74022405070406,-20.116389775751266,-0.9653088127488021,-15.923708266322654,-71.10139529646003,6.932464800654796,-23.456101819479763,-9.10789764735663,8.401248295381416,1.56441372831547,-41.41718064525532,13.527093202380392,74.40375127938293,-14.320299546886973,-111.90770293309122,-4.825713007424954,11.550940506449068,-2.3570462752029466,-47.56436065852885,47.32944151154576,-4.411815022163738,55.66653265486964,-35.13535430562623,6.634566793726204,12.491837990699166,4.3366035910008645,-31.40574025011135,11.740920657193794,-6.343084769470234
-98.67427395460585,-70.08390205786128,-24.157779306906768,1.7434956453439379,-12.117708652911217,-71.58554017382393,8.42171992957267,-24.191245937856912,-11.00400304136673,10.354494424918798,-0.18235310602715785,-43.147570421439255,14.279121100530395,66.47732589202927,-14.456129775336986,-107.00361928987917,-6.189662403274004,11.099482977207176,-8.48773461737618,-45.92796470354625,40.33157133067077,-7.080637862559127,49.50564263254629,-32.0434333124598,6.547890616533175,9.434746282404983,-3.129866823771536,-24.87962653572325,6.97602094951684,-8.651693212722149
-98.74306344635487,-69.90081830087539,-23.473093941697417,0.8155624728320405,-12.926435575858992,-72.62019104323814,8.477816373616399,-20.585801230853864,-9.5392767462846,10.928364347643216,2.186857049336555,-40.444787102869896,13.807326643180156,71.67801348522805,-15.28312127949013,-118.85983156670348,-4.738604197746974,14.294856747892027,-8.361596591945238,-49.45337104794207,46.50962271557162,0.9363429880661449,50.25164938469613,-36.85572588136209,9.611860382236497,19.65547675869896,1.8587009034612056,-35.70894178239103,2.6631783003225884,-1.48191680435227
-101.99680863562108,-72.28031881702522,-24.20346152976278,3.9844081775910243,-13.916609963124737,-76.74721008413323,7.519726442676146,-18.525873802176644,-11.911273290852582,11.044729957564838,0.6349842644068795,-45.24608425342823,14.232584498256125,69.53781031133335,-14.87697113914676,-112.06031086684472,-6.193012208460491,13.861058834698413,-9.211040806429292,-43.50201735021641,42.26946174293867,4.691604320080093,44.26301320975949,-31.331502252356707,9.415855732934938,18.84157427427477,4.73016523637435,-36.207720079800026,1.4818885427787598,-3.57176892095027
-101.00537856530367,-73.962562580423,-24.684122341497712,4.133880873764449,-15.348236931829677,-75.88017828238226,9.281091715008568,-19.122102061580758,-13.01691140967335,11.703781890900528,-1.3323143627162215,-43.19380905385042,12.372177604700191,67.58491958333515,-15.92996249311205,-108.37271958995558,-3.730152263268399,11.652625096327089,-9.324261921638612,-42.696652535712644,37.090744310192264,2.241566184856816,40.96101930070538,-30.851988908969677,6.722498229465131,16.6044836243669,0.0022354971397768653,-27.6014797099284,-1.322191077887319,-4.092374701975862
-101.37915925452752,-72.15208295252417,-25.321186439279913,3.780437249918361,-14.406021757417466,-75.5220062688697,7.152025526381123,-17.28452618087461,-12.276133034775018,11.545956936009473,1.4534987362849583,-44.897990208097795,16.043947145506667,75.12117008357582,-12.666995223980466,-114.50965690652842,-3.8779359404019806,14.372808124985543,-12.364515802720327,-46.14800996763279,39.765012812091406,6.389973427403426,40.363363140956196,-32.72741667245506,4.57420452748864,17.93450166240387,3.6294353075680315,-39.38230661757548,1.4329020019754388,0.3733136174895733
-99.99819311125857,-74.37451591343938,-21.463149722711517,0.10472084039313442,-14.177388946767982,-73.3297453671035,7.8242233938203345,-8.12440891231446,-7.921644564898394,9.225669097931148,3.1369133760916283,-42.55121913985638,13.887392204613517,71.76200324119507,-12.029987683411157,-102.617412925234,-3.4779644301600543,11.588108543053055,-3.7470627815541504,-34.67698179649075,34.71531362022681,11.714343366413555,27.803000155934416,-26.033099342449013,5.05605008310096,16.08675692288628,0.7716999916640408,-31.441938420759087,-3.5362971214322516,1.0739996146314534
-102.30544730397325,-88.77311595906326,-19.824301249222867,-12.675161663314693,-17.822565622182875,-75.49148061166946,9.22682133149457,13.064005491126464,2.5656404284159433,4.373262915195212,6.850568985474435,-34.01051509288029,7.374441473831223,68.52389728812817,-10.286063820986007,-69.82222760327936,-2.3542815527158125,8.359183069516646,5.464952687699888,-14.315761938683565,17.300195739463977,32.95754967524101,-2.4996816952492646,-6.408372552407804,-3.6252203743308233,3.963398694410173,-8.13681249739432,-9.44120243620859,-5.190681578963253,8.51593211630678
-104.70784653787535,-92.6566192219067,-18.971806093980916,-15.336674544821363,-18.25531005079812,-77.432383077474,10.728386509140595,34.525936066248505,7.730853960657198,1.868909128676142,8.856754189715687,-22.830817193365842,4.24353335673057,52.93510391176028,-9.062070461224492,-34.66847404988654,-2.396523622853146,-1.1987948588070167,10.670648998508302,4.6550519491693905,4.932422886611207,49.24212925396768,-31.71405238187833,16.087579469967547,-13.118637918930462,-1.9351017540921376,-21.708093453774527,22.740029872400914,-11.32504281750722,9.121000994470922
-104.25492509620977,-94.35780530481343,-17.76602660114771,-18.783121411259955,-17.146968229729918,-74.01714005893282,14.150574891662314,48.710282595328046,15.993099144070355,-2.205273552015555,10.350146950554562,-6.531068420135671,-1.2779244201440896,35.69423645987588,-4.657744534216215,-4.08954411139615,0.4959744829133079,-3.0309490358015134,16.706841083666795,16.394622430792598,0.007138508504437677,62.691634932532885,-57.52037525213739,35.839194040853336,-12.274216854290236,-9.352463615604442,-33.00904350528588,36.00387741582217,-14.036289971783066,21.96418658998478
-103.16728946642648,-91.72485565568294,-14.64008123455134,-18.55330572305434,-17.021393005523194,-71.7623160995306,12.661092810695989,61.25524351669262,18.410241157790786,-2.144469198424187,13.528357704703268,1.7183546080671095,-3.735607953139825,39.78423188994285,-1.1284824068339745,-8.739389855024113,2.116555221288256,-2.6856443680592306,17.39727407889848,16.269792840478342,-3.198446467113597,75.40181611247739,-67.27711831453958,39.70570923071806,-12.775100134958528,-8.171957076750932,-35.44242485742512,39.134660460081534,-9.911851109946955,18.55004476713089
-101.25179003352834,-89.46066936177806,-13.393708712040173,-17.313375167750657,-15.03116456294492,-70.95476501321116,11.017337474225139,75.18056010623293,16.97754336429694,-3.300261750465938,19.56289197712177,14.687377631030888,-7.302654859996119,34.96181869834511,0.5163755944788699,-15.953967388332435,0.63591249111348,-2.1581247512457415,16.983070218049335,19.867846621401377,1.111898303406076,82.88818499249037,-78.51104055884603,44.013367801932986,-7.013838745849532,-6.035632647096508,-39.10275606202877,37.258959537462346,-11.47893041875091,18.12893883978026
-98.7865814137077,-88.98175508576722,-12.969926034516481,-22.51664912380734,-16.452505604179702,-63.93307021059468,13.951129835663695,91.90991644171203,23.909521939361994,-2.431233771139812,24.58445475357188,33.91808568828141,-9.414717693796813,27.879942756030506,-0.6047655072824475,-24.156068074933316,4.7808456763958596,0.22598288577823236,19.77525902893634,22.613583957200312,-2.595188470808867,88.20011328891076,-93.99389147715783,46.671513755908634,-5.210143060378762,-3.4092929990963605,-43.20153538967123,35.04441650406847,-1.0299185270936908,6.923468753562762
-96.53410025474193,-89.17839177871844,-6.157662666803919,-32.81622870719671,-17.408784435613352,-47.878926874176706,11.094794315541302,106.15433849164937,25.90443772168525,-5.556313395673029,32.53232016284036,46.13817859661606,-14.36899620327476,19.096652577806367,0.17181746471565731,-31.027009182470252,5.095388370451934,1.0323708030521412,15.135617875921499,12.758099388721455,4.645150913936765,83.13987184514949,-93.90461705738709,41.03390614933395,-1.405963189740913,6.5101129388159436,-33.520935233078234,28.983615150759224,17.03882887433897,-3.9210220794574453
-93.28306954477439,-88.95440038073788,-0.013184345936585143,-40.53678512964766,-18.407276597548694,-35.703642824207755,8.624296289568914,117.77046166684653,30.90489424546463,-7.895183975268774,41.03740961489066,63.69015795439024,-17.756340559219225,0.5584346142753035,1.2178912871807417,-28.144023950390437,3.3823059134317175,0.37013263066014146,13.67430081707518,3.7949619383682673,6.052326928858067,64.07096506569532,-76.2043718771265,34.74325093106029,-3.2355947088803485,8.641051192109956,-28.32513879014498,24.097623527214246,12.481172416635337,-14.794179672824784
-89.76809330187568,-88.65625842373531,6.545338548889801,-48.45759246468241,-19.15346107188865,-21.95920179091883,8.902948453632318,137.3929422868145,40.29078498224637,-13.381513507087892,45.84967547123486,88.59256012152777,-24.599029492884746,-28.704332615920737,6.645161364559115,-21.864305474018398,5.195380457817197,2.616189283300037,6.1477390821899105,-2.2380596470255334,8.689583882851995,25.503143490038337,-35.95200579927215,14.034231285792767,1.8817579477769109,2.1120506300012023,-12.94326603850296,9.114357691501853,6.824053038103725,-12.299038145653995
-88.00845743918005,-85.71250080650513,11.536199086550544,-52.5449746862317,-20.05705047231451,-14.939039923557353,5.823379558674239,153.94826485786456,49.55985181195331,-19.907966330153755,47.9718503918181,113.27845649505502,-31.074052793591378,-54.481004765477394,10.558369316846829,-20.150106108008956,1.1588873044346684,1.3080817599850447,-4.86770182468385,-12.095292943651966,-0.8256566181847717,-13.367825867065312,11.78086413154078,-8.838120461307472,1.0681706059243603,-0.919963870013766,4.483553321809473,0.9765063965231777,-10.983465411331295,-11.762460004871595
-87.52189477173287,-84.09971015266727,12.300146969129655,-52.62132822672298,-18.489559664632004,-8.808211537751239,8.077745103719133,157.28770452939054,55.71936873911836,-24.737392673783088,49.34398584762723,126.33685711297049,-33.31376040016386,-71.37028528930668,10.777636963953308,-14.263033337284146,0.4679898417820687,-3.4621176594248535,-18.4315736808628,-12.298229181657659,-9.09029282450718,-45.490650213407974,45.19900910488519,-16.54661657553946,3.4238259657810173,-1.2892966262852565,20.2575683013895,-13.464881024680968,-10.191951231820786,5.902319453263646
-86.504448481393,-80.44599512188,15.756103394026846,-52.48418667353234,-18.5279580326337,-7.613749170981171,8.196815896660546,155.41462966150996,59.17215414230934,-26.104906370226118,44.398671416943294,135.23970788016044,-36.54246648578305,-79.0295458369293,9.89802987461411,-7.332979382043821,-1.5657265862156151,-2.407796103283116,-20.313470622454965,-16.715840183022177,-8.684074545839497,-64.883063069093,62.53012405359562,-25.163901420343514,2.472869887514511,0.31173677576084785,25.98707584207673,-25.874991941666398,2.722762309209582,-2.2040407912729214
-85.25037382577985,-78.53951555607142,15.3593859336818,-48.903764857289175,-18.314736010928403,-9.772714359017693,8.617877856028363,152.91707768970986,58.98299713992395,-26.22731401777612,44.33795473663276,134.31211725172759,-36.83067342150052,-80.40098607830743,11.856805824114648,-7.501169274350544,0.1058545285979034,-0.48055844122608965,-26.022431186677156,-18.09648392447774,-5.692618949031016,-69.30049879225298,64.30801646216378,-28.396187494243843,4.631493202703861,3.3935167780180824,34.344277410522494,-24.487931627042215,2.957405179464667,6.714039397428373
-82.74461305928958,-73.62111124158197,14.47335769837272,-46.7759028246948,-17.756326750360028,-9.796669138643544,8.478567484803394,149.3336589832296,56.804891676854446,-28.09755577563707,43.05848880278542,140.02538602471978,-37.804417229608724,-83.32927213999741,9.514537084004456,-4.456443483445199,0.11787820243063986,3.838042004785899,-28.13565986933648,-17.956547155375258,-2.2077785805396575,-69.01372752888987,71.99548105508697,-30.433416689794477,5.490779220223521,5.72139551840018,34.5569963210831,-28.36800429077851,7.306090741609491,-5.782928537788608
-105.92867453003976,-81.5900413331087,-28.043841105466402,1.7365450022293596,-12.31013812664295,-88.51079241731732,12.287778145648264,1.1798177231322182,-0.6902255929243629,1.3033950753652939,-7.654696884041902,-45.59622674856578,10.433491710884269,31.958976124421095,-5.378884221424551,40.12872663785139,-1.7826672524162266,-7.369515240287949,18.03415325933564,38.06971236799754,-24.845849371747022,-7.034042967175531,17.911039885387886,13.486813914842875,-18.388885160609043,-29.097841447573458,60.46279482554847,40.54878535555177,0.5577277818883112,-34.60693926354888
-105.96722432030766,-81.63580936080324,-28.283515152445514,1.400145217177499,-13.048275777338652,-88.99602504754054,12.668017534815911,2.022107313905336,-0.02155741142908838,1.143018527205232,-9.202057206187186,-47.00725176324357,7.429430473939507,32.14266733900108,-7.7319409395582195,47.6196278568245,-2.6180927390077637,-7.943529328215165,16.18858090154503,45.40689856124996,-29.913869501532645,-11.516271449759738,20.635355409122116,14.69928324425778,-16.160630924665142,-29.506158902428588,68.63525337736684,35.80829941192545,0.0640950022736899,-41.11795609562528
-104.8533446827767,-81.87087651630469,-26.607664903738726,0.5759559961609875,-11.725316954423786,-86.8569386377554,11.53412807165835,-1.9051246881771335,0.33591616997185325,1.4840856578524049,-8.958034914208497,-43.50690402829416,9.887568638071816,31.465289198290428,-5.062184242634093,51.150574727754346,-2.8784228066146067,-9.042021527566614,21.34563109180703,45.74343730324401,-30.672747716614882,-11.258985753891464,25.39668708126455,5.452815754384911,-15.872928866335613,-33.07471277385914,67.65465232918456,33.915283534223654,1.5929125365261398,-43.438101560127656
-104.29928116889133,-83.04459329918357,-25.227527201703225,-8.168649147571276,-14.445471727207263,-85.78511822991459,10.435611678518356,-4.921654569136811,-1.9756264176310112,1.8073667985816881,-8.58340927630756,-45.72959877443223,10.360033653107687,38.11515975610615,-7.409777763558663,43.356271321670675,-1.0717901678697266,-12.27165327786207,28.51512272447333,58.65470944254326,-42.81451005561469,-23.218178492747132,19.603642504663412,11.976095510272584,-14.377556296272092,-29.715674060871624,72.96882050665153,18.377314611736608,-1.7913099533833607,-31.11593340273032
-101.54292666146546,-86.95313063044259,-20.422518102890187,-12.649843153906536,-12.370392520041538,-72.8082613366159,8.372411636799807,-11.163128481015635,-4.58346145369881,4.105697195577088,-6.578698386857449,-40.839884531639235,7.060811597651825,35.742671718963315,-8.300626467832574,43.658148080592795,2.739103999281971,-16.678666742365902,32.378661490114865,70.38738266560716,-60.35253042240428,-42.87965966231168,15.511263577726465,11.93338237687055,-7.02972697333665,-30.139566299313916,65.8903932320463,8.331701174967117,0.4984820488550638,-19.03480925630307
-99.32786015497618,-87.80912374879144,-17.141701652121185,-21.98516236839641,-12.807832655155556,-65.60494995209046,4.342728778382332,-13.23883856309877,-8.452014141821351,5.389660437535509,-4.555776409941684,-38.38970829233486,6.972013281203364,41.31748771330622,-8.953131291188084,37.62905021677166,6.073320575563241,-14.975833459223846,36.24501710682191,77.72599798842899,-62.638760270783536,-62.09848756711699,15.673469703082908,12.921343222278272,0.008894880048405674,-31.531679027057535,51.030650677096986,0.8384719714992764,4.711758283845309,-10.849587092153673
-99.2880293123578,-93.67314403573631,-12.914896133581719,-29.756395700753345,-14.945260472215324,-53.42518188975619,4.1365837022126,-15.067080933607311,-12.893973598809584,5.2619628592468795,-8.581567669828164,-39.868156788969415,4.910318641546335,44.01977494615676,-8.094000886524102,28.07403113173186,6.99991552189389,-17.95479576525788,41.78973014776184,83.4420743826938,-65.64908260501497,-73.36242499066138,3.8570127056264645,11.189607570240101,4.6070522098020374,-30.292652435676626,31.51943749719098,-12.763308630460287,6.327814098469245,-0.18114697767138638
-97.7987026180614,-96.7909604006572,-8.17242408120284,-42.50136568805749,-12.99747460227891,-32.88343811738834,-1.7700946916592277,-15.28969552428983,-15.995040327779575,6.974906038031883,-7.1417527931361455,-36.5154838876996,7.567267584950589,45.60652870075782,-7.55526401314306,16.671418680916556,10.145606001411819,-22.989924737288774,42.38664896630772,83.28898000440309,-71.95458205211982,-81.31269186279422,-0.211686622917347,18.121422545758566,10.026350237415999,-17.475354736685947,5.228774810467791,-25.55663753710842,5.862091668502622,21.080018312742887
-92.561314653496,-104.23972069392636,8.130320659436022,-63.48183035095444,-16.08941848082925,5.1430192706377715,-9.182802551423599,-6.599311622526305,-17.12900490355686,6.831135838510727,-5.100321022884813,-33.10588360484313,4.969493933922646,41.85266622727215,-6.341574865494947,-1.3925820617465692,10.341734673894605,-21.766809947535684,34.41556541862634,74.0969319617769,-69.3496329427988,-70.76921640810028,-9.196794409018956,24.91829323973471,7.617613985137245,-1.0027484807017035,-39.14121644563821,-37.112732358106285,-1.6956047208850622,51.51411135962854
-89.29826970838043,-107.18352860622974,17.344488187461298,-84.44431640037166,-14.53152846512661,54.561999286199494,-21.058635974060156,-10.629488139254581,-23.952356234117115,7.99001941950641,-11.21437818243783,-35.39916096064157,9.477087671555545,24.528783330610423,-4.022075140223429,1.21178427904798,10.209244419826105,-18.1152888825806,25.415442719362,52.45919961607243,-49.7341006828093,-70.67537175429187,-15.949010779043672,23.9824979299652,2.6828459843170673,17.34796473820371,-84.93299629155389,-51.830725658995185,5.8655080441027865,52.353733851903996
-86.92772170866071,-110.84150533765438,28.053525987870344,-106.17433564457487,-14.130917446591809,97.13607086499604,-29.400330348241255,-11.074454217308233,-29.048910687670848,7.71298528112604,-7.601438681441158,-32.392592582610085,9.79012709782148,13.729861070961311,-2.396264301720779,12.341508204643418,5.171046538233142,-16.910169650936062,16.01761311354915,35.73959568974569,-41.3599026060332,-56.21241767010849,-8.018421066556844,18.409525568760248,5.567374175984619,34.14540329238032,-104.07771568274357,-51.79057618357799,-1.1947770482666302,23.488336128676913
-84.66136481113334,-112.66082629576982,35.4824539136281,-118.70234863633193,-14.11912326686989,131.20317828930075,-37.05898069631679,-11.80566965332495,-31.84070586976542,9.805782751287861,-11.30371621001451,-36.40003548093406,9.809740885606667,2.357216248814306,-2.5645374950060487,20.164063266226304,3.9160135460662624,-4.539303811138042,11.335277973483743,16.465776481843374,-18.836504669973607,-37.773553150045615,-0.18945909722426252,5.73010211297984,-1.1023732469300955,39.738612512605975,-110.40033714626868,-58.01683616645083,-5.631635811751468,-11.660439680554617
-82.2942591007922,-109.0968553190235,41.92834748638845,-124.86964773861139,-12.181333573595492,153.85317119863103,-40.095764357258865,-14.11180831564114,-30.71934263573449,10.013015950221426,-11.1500804140977,-34.404649210457315,11.31908955144571,-12.167629366346148,-1.5481487335113813,24.810345517655644,2.369541599001702,5.043907174274618,-3.990629444892773,-4.337990392837095,5.29898564931115,-23.84951462035795,-2.25029646667421,-4.72581103178618,-3.9316716138312495,39.83910012616587,-84.09325317416705,-54.9662777903442,-0.46760024343709194,-27.51387950709643
-84.47200284036113,-107.84888382444116,45.66659951335228,-127.11037681470359,-10.752544809866727,166.1270780841006,-41.74206333106405,-17.64580950715151,-33.99133740326148,10.238959486840995,-12.30993246079266,-35.449115919679706,9.723983697309073,-15.21678542151264,1.5939455993949925,24.300841515921512,-2.103715051848449,5.2379048174357745,-10.839843998815779,-15.076381814685654,13.454976586685472,-9.72605829312764,-3.517490232833553,-3.5944227963427817,2.4778159567271696,24.45905453267359,-53.785058390602764,-26.137291847608154,-16.495839984515953,-44.72246119048916
-82.55506339427684,-109.04056407385511,45.781408998037755,-132.49283663517417,-10.411881163421283,179.09031279096698,-46.70178356454901,-19.703409973511718,-36.83791817302245,10.534352875300689,-9.783908162920683,-36.839277955566295,10.54407297886593,-18.114398790532015,3.517791668904002,22.072100916901064,-1.6384839900723178,5.158920193628879,-12.512471251794368,-21.733989480107397,23.39464686392021,11.674932878073475,0.5435581303132937,-5.575335578992535,-0.49394985777342093,16.464597163494094,-26.299899233044567,0.6143653564594378,5.939639511538313,-53.32923439203076
-83.42092905139316,-107.57316715025615,48.20873559998898,-132.00710033752605,-10.507525519039602,178.27529141524283,-49.03315694889517,-21.43794660824003,-35.607227141193455,11.6625079054758,-11.826794808695848,-31.900536693742726,10.781646210239547,-20.38031684663318,4.951896352331973,16.556067563514773,-4.146410074211945,7.238993193590007,-19.27852152871954,-28.57656083748385,17.126049578627825,24.881415663309614,0.7416527654834345,-0.8432600296511885,-9.661866971694634,7.5465146918896275,19.019267166873043,26.79703144799015,5.437154268071598,-32.72145744194761
-83.49737059472403,-105.80588123890342,47.16383027855178,-130.7322539547322,-11.14020506288405,177.95471890712142,-48.355359649088655,-23.424444083346152,-37.49382691162588,11.817167685846687,-9.555153956398101,-31.845312430420574,13.393554340839938,-17.73841166262051,2.239741131725008,5.414624245380006,-3.239419262839387,10.675024659481286,-6.647162575803417,-25.59351614794457,30.838161090172008,37.56487634788995,-2.4516887198290225,-2.737309656103167,-6.353661906632209,-16.378066737873272,39.16817544971294,36.39651793459762,17.450603438344956,-14.797716573233199
-84.5445288943064,-104.64130209355552,46.539407364914396,-126.94392946958116,-10.96506512535019,171.93890886179804,-50.14912403069223,-25.843052981028666,-39.53790639078036,13.184607291131247,-11.137718480035144,-28.74419707588874,10.813038637608752,-14.45501620497192,-1.7653939933371896,-7.66185522908471,-0.3613486946744561,-0.1541937587726305,-3.258348160403587,-29.630297418349517,31.59717828473873,53.83521739808976,5.862780338061132,-2.714836717646727,-4.820359066487441,-42.57395892985112,94.14040109982558,55.66101338042084,-1.8617597826900654,4.560835345217767
-84.75072961049565,-99.09798822684719,41.598467981575695,-120.06970155269482,-10.712887094097015,161.40906888147725,-45.91125727037056,-27.571860358013804,-36.13005310022675,15.189531969987677,-5.65774529284097,-21.135643689421432,9.32997975520606,-7.896903145993474,-3.2248894103915786,-17.95395427914472,-3.086385567455471,7.8417160017657395,-9.714700231576794,-24.09615796471547,18.331020106326296,54.08736788175695,6.305382289543444,-2.8106794037344054,-0.6456116609501725,-52.366186125532664,115.87557300974345,53.267426981291685,-5.341187248845639,63.14313198247898
-84.56071024152892,-97.18935514907646,43.87105189435499,-122.45863332117459,-9.174456073002426,160.46380766515833,-43.83456947690028,-26.38385412835486,-37.0719462483247,16.557121747674955,-4.7823638735545595,-22.649664195387963,10.403520619352836,-11.761074603875766,-3.755771609563797,-19.110757633628037,-0.342074674373474,9.617147799679774,-11.075019097918908,-21.305353476687525,21.418943330672207,49.6007965238484,6.911623611190511,-4.276244465941589,9.093517963790731,-52.324822130437084,106.6550135077024,54.5284558181606,-13.542557022025559,49.71076967025963
-94.93632802219558,-57.4394996569458,-25.511840118876187,20.529938724351727,-1.6583855654798025,-71.89718677330261,14.383581292393323,-12.817113236312895,31.207688626952105,-22.868944412379697,-21.777374127613882,-17.585852287877533,0.553170995132896,-9.349158998644574,6.542707607684568,172.09887761466769,-5.866856681330121,8.867247917234081,25.27463200852782,-48.10261587970967,52.28331950179205,56.98353163195226,18.825968709354232,-30.138223563098613,12.643330857370705,11.700950421134504,-11.530059776391553,-34.9350517151964,-1.5663158925923841,0.0016061430433798604
-94.92667236725504,-58.05832211828168,-26.89137081144185,20.599955926520543,-2.0081787691021207,-71.62653781317997,12.90158403925291,-11.543256502652708,32.73722264020377,-23.279101610690716,-20.40178684344305,-18.796344408237978,0.5599643664588302,-8.3174890142428,8.046141236294172,174.6899260662784,-8.269336832468314,6.267348937503211,28.18911639134876,-48.175219025463086,53.76771040456842,57.730705391989865,21.008097387156475,-28.190090106033885,12.700892738014856,14.568927189263144,-17.38817372422629,-33.94877438458715,-4.437423397256893,-4.214214004863051
-94.27219239229085,-56.30623595201189,-26.699378015779974,21.775324656380448,-1.652619065959786,-68.73209527378488,13.80091503947218,-14.019418436865896,33.90141174274184,-23.892007890059045,-19.804047979599844,-16.374225047975116,0.5853646456270849,-5.151009584235271,6.474181675934462,170.00821862090748,-6.766872638177017,10.501899177576894,27.388769821819572,-46.81138709958584,52.78464769222549,56.99519761809447,21.610802582454795,-33.61791120489769,11.4869598445615,12.112026771080181,-15.023397115154028,-36.95846574441343,-0.8726165923636148,-7.978642174190171
-95.50206527842421,-58.81120890285709,-27.736420159532955,19.56701239190839,-3.157231342741828,-72.00348465340281,14.081321878146714,-13.79839265519196,33.45208384157425,-23.904079141816883,-21.79627640690609,-19.003270161640767,-1.4803540081975723,-4.837996606460894,5.776947545524811,172.84481672208625,-7.437506848350768,8.66416613435839,28.281550450471443,-45.378870855346456,54.54831329821438,59.18468831419827,19.016656952882744,-32.382193692606734,16.892789499379006,12.564474954904975,-6.234642748147025,-40.549599632053294,-3.9154196405152586,-0.9787270893964263
-98.29154640459548,-60.99414821138052,-24.211678951778758,16.58116056048207,-5.41823783852257,-65.32251585058296,11.270156327187218,-21.275693976436475,30.389774507197313,-22.98671553340317,-22.801596331843275,-20.13222373331334,2.4442603941032157,-11.93506452655663,3.7567197362128097,149.6277528338398,-6.357654669871703,4.495920691056761,21.871011901895656,-33.513202758281935,45.04285537833657,38.49618227726057,13.951728702664747,-30.720128966265822,20.34516847634623,12.303984324324555,-2.2554415859993964,-38.459665386812055,0.3568210519370964,10.110798319424637
-99.17164120605396,-52.14872950633354,-28.988865173307357,19.12933145758804,-4.97718262651144,-44.437672270108436,2.978635589074373,-55.03832703325554,12.468064016236495,-12.180110051516548,-28.162144133325214,-10.407116521601772,4.4940100093993065,-22.79123322165536,4.208764463006702,55.47379612061047,0.597938914268961,-4.723430240382806,-8.309376712077295,-14.03561029473711,9.10493904725144,-8.218040077520257,5.9842515488744725,-28.140096404687174,24.962709983773596,4.102404300209915,21.638369470218375,-47.11855410555535,1.3353521765783032,40.62786657573424
-96.19482440319848,-29.296146416618168,-25.769015169563804,24.775386038514792,-4.027376006786015,-16.658472726098,-4.448035226859855,-86.10664669672711,7.476713582271465,-15.160734978698473,-43.40183022751243,30.9352868286433,-3.559820874954882,-27.557333482533686,4.6670301134724435,6.59235327035606,3.2354144070417674,-9.642558130356704,-19.602040910792812,-0.6660593538669863,-8.21729178277662,-7.153912908208535,-11.764641689655496,-21.13625148111738,18.94877751592239,-1.935662052464802,35.89530500002048,-72.78868031978914,-7.668157893024019,55.35234884663862
-92.45509699748466,-12.343793716532092,-19.70168983999656,29.345428312793846,3.61992231783804,13.44668152119773,-7.947528306192237,-114.65137357613636,29.659668661594182,-28.35011651430002,-71.33955464449058,90.379754070829,-16.804534914796548,-8.372392927249155,0.9987558196930268,-6.112134011406626,-3.0265346388058467,-3.524884016827846,-2.484834327267718,5.7039448125469665,-16.04411120659483,-6.148025957592495,-15.609548715102173,-12.690226083928994,2.879153590346592,13.019790644759924,49.63867844634021,-56.702650875601215,27.487663330255145,68.16105718885522
-88.99566546911885,-2.9905867740043695,-19.145672476689935,28.316452647822317,8.465356984836854,31.253823960337826,-6.94755198250451,-136.36132533325858,57.56808379490911,-47.26135622007291,-97.16005282661058,138.75720033978274,-29.332987059964353,31.512709045046062,-5.7975632915168065,-11.963488270690457,-4.4306368726468115,-1.1713931306716814,-0.41601886900583,6.860856834631084,-9.61042913466968,-2.494585450736505,-9.354558805039561,-12.02536704133639,-9.86468454954333,11.393555199988127,18.450548836958873,-6.148695353016354,20.498285030138494,23.702294184711477
-85.48625784564605,0.406311499123299,-14.114608405502729,28.981960716033498,12.487827321095894,37.3934973292844,-4.7433552093847435,-142.28822651677078,71.90862612902707,-58.45011740388838,-109.10058372376382,161.71246211522288,-35.81999435539569,54.20814783438785,-8.621914062412005,-17.59075579406141,-2.4197686758111394,0.8725716189715846,0.7929675462349589,9.494420202673618,-12.553318266656264,0.17467169748526012,-10.840023430798805,-3.244465631417145,-6.975773745587834,5.138482817724073,-4.646562593217251,20.231793824764274,8.824627294877937,-10.836001956784042
-82.25724865837898,2.277267134595771,-11.991479562454975,27.64705076110277,12.648041586798675,40.584348942219506,-6.089011262605101,-141.26696853012845,74.51423414942805,-61.71694313154742,-113.83846204118606,166.3082366265624,-39.93776205296541,64.42433210666087,-9.896234185556674,-18.241800965456658,-0.7799842053067587,1.5272739696743973,-5.579160355222079,8.033432025014308,-13.89635952597577,5.057515846795667,-13.078142507734492,8.748708111507455,1.3273863465188311,0.9948492849348732,-8.846990161412506,23.442587266436025,-5.321091573451509,-30.987909634601323
-82.66313995613359,1.7853456430947998,-13.737782353000403,24.411416361697732,11.773215305962749,43.13140939063726,-7.056766793446091,-141.44060872328242,77.32223202015506,-63.899019590225755,-110.60099781792537,165.14965361710787,-41.46389413531051,69.82549429521741,-11.35654575117676,-19.609721404660522,-0.2600006189511413,0.6567890330407303,-7.400988494358789,7.075016488239391,-17.720148294065815,9.722661475956716,-12.237768960741862,7.087086208811506,2.8527605342768325,-0.07885818194884209,-14.812058825002994,24.665807739133104,-17.858020307255437,-33.0669633411713
-81.95119988585243,0.7454134499870153,-11.58750070343827,23.461043134477173,12.960343492686818,42.411374436856235,-4.584218432019306,-134.8108289048394,80.77672896920285,-62.808115372287574,-108.76961703967132,162.8937591485458,-40.95538188809013,69.95513338876346,-7.269511620084802,-17.521293726478223,1.8613635748716921,-0.47666732463875555,-9.768630334628812,9.153078388063971,-17.224509681164857,14.814032269896913,-12.309654800294147,6.176985347804988,5.541627730788049,-5.584077619165647,-17.861531106833755,17.79502479286107,-15.773241243214603,-35.748670507690385
232.43988133457123,-7.176750879069291,-10.057011430119488,-13.950981292303405,134.02807880677432,-36.75874582940657,-120.02282090707622,5.7517732272518645,31.687311609721593,45.579039235268084,-10.584925597044185,-11.200654209632239,-28.733396475662488,4.609323972310042,38.81309421018257,-5.7832018158844445,-28.17110865744186,-12.449474018980517,1.56223052137533,10.603983832857287,-12.552684126912363,-1.5745014440974663,11.896074235917082,2.6986284838924557,-23.705195635803747,18.553682526040916,-4.815803573199041,-14.774164556654643,-17.15166191159999,-20.931105356488494
229.3955509714733,-7.94515183670511,-8.946775945843605,-16.66898301524427,139.93017680888656,-36.57890693802128,-121.7281287784307,7.239821247127658,33.37015312877656,46.8476808706885,-9.594228482370683,-9.156141711786907,-22.889215870967583,4.143661806790206,36.448976121845405,1.4835548268547718,-27.02149061456863,-3.7200508824695944,0.024666877053281744,-4.715029412027559,-8.46893695548683,5.707918771554107,0.7740748252950804,9.260038581336206,-18.962045599262563,8.734677878989292,2.690337394280834,-0.4206207194921213,-28.980399594451747,-18.034547547281008
231.38546344405685,-8.853689596199802,-9.93601473536617,-16.536687812982546,140.2720116808757,-36.87807806502567,-127.45944993576518,4.933839371833735,33.59753449363815,48.25214182609197,-11.83768412846815,-9.190161305403864,-25.568630504926034,3.44115234146374,36.693049101964114,-1.6245904079022897,-26.429137711765218,-2.6043976436897336,-0.3665332692636541,-0.6200176743050217,-2.3483656377901276,-2.9381760585405043,-11.364573468523425,16.68264440461326,-1.8984622874821426,37.61746282425026,17.10778345555971,3.964063173413867,-4.984084928261039,-6.4266568331033875
230.68353238720334,-9.004062137479105,-11.121403442044347,-15.34346682944279,141.01654399468333,-34.42056091386255,-124.49060620899735,6.601695093127698,32.22345879335595,47.469148535991216,-9.690127115359108,-6.742285301206579,-27.162681720488436,3.720204607765357,26.36521051793752,-2.851339886023469,-22.629429404363897,-7.824168545162361,-5.280770795430383,2.7422982791657677,-14.034461631476995,-1.837434201530918,6.509080440024775,12.432696107004842,-12.883519608798231,21.744972703195216,5.674765715675486,-0.6254185573081781,8.212725980015898,30.486864130321045
234.41553778043092,-7.8231596491025,-10.144005604464265,-15.508919670546913,142.49887748796172,-37.50907811318134,-127.57284745396845,7.384929806922678,32.69636322041406,50.6364667430333,-9.128702920717753,-6.509364322779252,-19.195516598790686,2.7102798540009676,34.47605660094098,-1.5346462966705483,-32.68984041338404,1.8372663041088027,0.6307252128250959,-3.0408870911367494,7.5546304228501295,-2.263448092715343,4.175736323185629,-5.2453329270944415,-22.933225356218607,14.424558741287074,2.5433319214574386,3.215417601510638,4.486978608197833,-21.406353940197388
229.40303886215736,-8.175131227388954,-13.43100765612652,-18.49063783042317,140.86191018283867,-34.584886505360465,-124.10421019169281,6.7451891140167,32.60776072239791,50.52464798641647,-7.6710674167043065,-10.102055086510312,-22.293452167713333,0.957525247916048,29.693161761942275,-1.6755630671251627,-14.437905217613777,-7.198628391305026,-4.450197669584772,2.9071033342713473,7.484960975526827,-8.14112176655367,-4.1991844026752085,11.734599502489248,15.575535306474853,10.722772186357647,29.62167373089927,-4.21483686694973,24.988346287712634,-31.151175639200797
231.07879312018775,-8.44034356901235,-11.777228415425395,-15.732967507377058,137.91952456071058,-34.442861130390206,-120.63503989028729,5.659560576411517,33.854208937209876,47.477443437532656,-8.220658241590602,-6.21277947750669,-21.783848406995133,-0.5240237997064441,29.69896112301718,-0.32648230978047815,-20.26834492530032,1.057108172956001,4.892253109531785,-1.0907744442592826,2.624717069852985,-0.4526896262095977,-5.1311124500636796,-2.6624647770117913,-18.263234490038954,14.599286150602715,12.253961373384373,-16.022069183126145,-7.32794257382439,-20.13030269838144
234.55714420200653,-8.393293567703568,-11.232453320457493,-17.16543719526171,135.72185448252645,-33.912482205680234,-120.42180527981104,4.745581839539898,32.524602810686936,47.95598992916459,-9.149409541299105,-6.1126272913086,-24.918181863910593,3.055535353768278,30.528903830165284,-4.010697878636249,-29.81896036217081,-10.219456461565818,1.3365491134377527,-2.0850716393418884,2.4179701074642614,1.5331835960820412,4.3156850601529575,2.5335218394376793,-8.978376690384199,5.069147419509082,-13.479806687897804,2.487175840195347,18.774611485407917,-32.14124460077953
230.51857216188827,-8.814746909070475,-9.854585166292255,-18.96951041854918,142.02950253227385,-34.524943701395934,-116.84309128530758,6.239299620890333,27.029296539992473,39.8247038603922,-7.984921560415017,-8.95301056321159,-27.682748511736914,3.2929360182724974,33.420798180446226,-1.3449092190474532,-26.370983487798508,-6.880881676013115,-4.374738423356586,1.722152412714469,-3.3868672504979704,2.8799826840815825,4.075391444008696,-4.040933446236462,-3.4097256665531095,0.3758499887529986,12.69137198194672,-11.727482106965299,-22.906065868235604,4.506063340416562
227.93269783371153,-6.990166088984507,-8.647498513737965,-18.4674389208139,143.0307883124437,-34.43842388117505,-111.49398461254233,4.880060449809281,26.023295787032882,33.99783360144523,-5.061593908999302,-6.679676660520259,-20.96750724540294,3.5315209891546586,20.59397640267829,-3.3925787216760215,-29.257589728657205,-2.4358629888025276,-7.4113371379576884,1.17935887201383,-1.7750698481874498,2.562416397220083,2.3806114467591115,7.759952585425976,-7.766814376865821,-5.5305233749823834,-36.320822053987044,-2.2967585008716793,-25.150517911421698,9.147749093102808
230.88941964644192,-9.848323464424402,-3.801351101400844,-21.52140909873786,155.60826699622066,-29.799872818073226,-64.65771685891883,6.558533326757804,-8.897716412433025,-25.053662768209325,4.4958377943191605,-2.7913173624327126,-11.199874011852684,-11.64539142509335,-46.34946523413393,-4.007585404819218,3.990157914942817,30.800587069993114,4.184807109740636,-10.384595170343472,-5.393353052501758,8.518616871991332,7.281243121813606,-17.643226884166562,49.751142440160706,-59.09477261074646,-12.60041380014225,47.75555839675636,-23.04030533334317,92.40048249295978
201.3703078783514,-8.89834131181018,8.329786089083813,-31.88173946487025,181.33433783103544,-20.846973526232755,21.141190932395183,3.4998098198821426,-62.29287394014863,-104.12122279739792,22.690055429176805,4.976861848054573,-0.5355117324786854,-20.90560045764027,-127.2701848453185,-2.5198556853719527,4.847613814415884,64.10669882210999,9.207021639324322,-6.859437524216204,-10.654382588704115,-6.468405393078398,-17.675100799459113,-64.92732254537137,100.50178969355932,-125.54476125783339,-31.378385792218477,13.45146683397678,-46.47361164483745,161.64814332709682
144.0082371749961,-3.1911569096879786,31.205680587414165,-52.579143499938525,261.35904107527176,-7.28610648553513,145.87951888410143,-0.317079058294045,-130.93142134041372,-216.6142816194121,44.81361901313084,18.587037623698944,54.57102285455173,-20.568212268600828,-174.03498803506824,-6.3700997884019745,-90.03985096251651,89.96138554679858,-13.649867321533632,32.772448859854194,-5.465922161900191,-15.460996659502456,-17.177855058476496,-30.19457114420745,67.01592600216827,-95.60560777108886,-52.412089161315784,-31.1630588386188,-11.41309386844723,-141.11170428660753
61.64131007435065,1.632731876094619,63.19835846455918,-63.04694135703145,314.5769140310262,17.820515154569037,267.69497274474037,-2.653325081597092,-128.77821027591582,-185.34772748556549,43.29805858934606,27.889092769144785,120.59561795621947,1.5588949601255375,-15.601026306238396,9.136675520684767,-94.01220258569464,-51.30294586240697,-18.194336184230973,51.245171899105145,65.03004233280143,9.123407678286647,14.375623759804636,73.87653366476174,-144.908428723712,180.48319709800793,74.44375281747953,6.603935451177086,36.37241081454173,44.26837479927349
-20.84116559490297,5.337494393157436,124.9661831475543,-46.04126394118697,263.2576420859554,35.522482380275044,359.63348889987316,-7.693204242898492,22.253286118355316,144.68045333129203,-39.27991443404418,16.155052947282705,85.63787526637171,40.206490763864565,303.2873343930335,-16.345764880197578,90.23508219356417,-139.29419691724328,9.468584662437113,-72.61875466076344,-52.06912876832693,4.601175807779623,-0.9518365169129152,-43.86386069844113,70.58220911400672,-87.403024650503,-33.2734683048748,6.2865829701662,-16.495924140067164,-4.249985305519361
-33.845729944620054,5.976275442692941,288.7960468461886,48.65556188844727,92.81528110179856,18.403356762306974,233.3343078967615,7.959690604595079,112.26465769968493,366.40893148292616,-110.2210631607773,-8.800720475634098,-83.29406445833935,-34.60621059764224,-110.48008619565962,12.604516294068883,40.04803946582729,268.00942012146754,3.513952036724986,70.60498955477826,33.3584920156232,-9.34124448417366,11.777121239064458,44.778103688948505,1.9046284577267598,47.0435437134214,16.232185365011205,-3.2116273390756613,1.730677330512908,2.05582903082421
-32.506296226006164,1.80056668518385,463.9059968168735,154.75960962893734,-27.06857168253677,-24.244088666134687,5.244392504716814,14.782100468558575,24.512804780929066,123.3548671356223,-42.68313911886844,-17.29919949332189,-64.74814432449531,-28.635215927542983,-226.27439205191774,1.547702049628221,-99.20465209478053,-245.50287109294396,-7.011544956174144,-63.879448680876536,-25.692250824062604,6.515097158649932,-39.83719754962725,-90.90476825080901,-126.55453975943887,-67.14888116515716,-22.557092206016826,-11.10286692071384,6.6564936992610475,-0.3910261347943555
-32.124201911833,2.913597782036831,499.28566281690144,182.69819354097598,-57.045040494023645,-48.61139578078543,-112.655645862251,-2.332170978271688,-57.096709185999195,-106.51300300883241,17.839349278603255,-8.160702171767383,13.556758274066137,8.296007348001996,20.824072124652258,-3.178766425130381,-11.7423699977773,-66.53898167426632,3.377815584125108,2.713329170073969,12.80005912507937,11.235307739779754,66.4314133600605,160.78699324078687,249.08918675549643,99.90019019668044,24.496316750023144,25.88128816103384,-8.346273333654885,-0.992969919463809
-35.61939105938726,-1.0386073031275955,466.3498741061483,175.1056514647229,-51.02061549731955,-54.29746147701441,-146.5195444457255,-9.565956450788413,-83.81096690786754,-204.1445469651707,55.18868526123864,-0.6876959019847383,56.28085638387527,28.901976236769325,209.94595974102947,-2.0289398360689246,88.96258474425932,183.3177979731343,6.530020825143841,23.97030871057658,-7.594639671081332,-15.86526147747132,-42.29737649192893,-93.84015754685548,-153.75980083594865,-58.40767686434546,-12.53008569375769,-13.625065703314348,3.988268074949382,1.5501086919850373
246.59717915522043,-4.7470218731815255,-11.418154701544596,3.7492138759797715,0.5052815933401291,-1.9755632476375296,1.6140366740259657,1.018832301476049,-12.357049108338682,-15.725655709545359,-0.20339572807513492,2.928843342910554,2.6398532837704227,-5.893380711608334,-50.16605654668168,3.85405337803484,142.77819059187405,-26.484930441911775,-1.903926673735245,-2.3943755927027954,6.5331177427837615,12.361683897517922,10.070587002934348,8.581947326754658,-15.156647758372294,12.815437629231067,18.4152653939251,9.705662699366037,64.2439054335029,-29.070584641895973
243.79575933731252,-5.692242297783134,-13.391611654373953,-0.4812400321635421,9.522001267935053,-2.2484116241039795,0.5194373128043898,-0.3550145960224611,-12.739300108092817,-20.687828084329443,1.3914405239524907,5.043115695341879,7.486593262543148,-10.464581936462231,-63.302055482711566,4.147096709306442,150.29595920586996,-26.13503897769175,8.914496282373994,-2.1055188317924385,34.42383965580645,3.8336607082568523,5.236678678184023,-12.066805545213505,-4.655744645550427,-17.774538386539867,-13.344689079577243,5.640554912836591,74.43197951379722,-29.542883331175076
245.14848244932088,-4.426377097257175,-11.59500614220536,0.4297009130397014,9.592337069481758,-4.343651534049923,5.845568664054267,-0.5491410747175596,-17.482822511219382,-21.79705679337911,3.3326237372306835,1.4601881025224472,1.2973539027558227,-9.755984598313137,-58.53517239465201,-1.3121283461644693,156.7905447379444,-20.922718627719245,9.607110122651658,-0.7359421239329492,11.566655676105649,1.973251891372551,-0.30199545066676453,4.4814883991190815,24.46328913902143,-27.11468582415134,-9.680985319233441,3.9521491706973317,61.520117072573996,-28.932313185330457
249.5201671470256,-4.586212426938281,-12.604480060906843,1.8977729464053543,-2.015468248434875,-1.8592271101668247,4.687605985199521,-3.854816030363801,-15.101371646764404,-19.80591648565811,0.7583186459484529,2.721013078189532,2.8148841193802205,-4.810457501457516,-56.20825132762039,3.6168814888328615,148.58326338098658,-23.921392208003557,6.741646636761853,-12.449639633276533,15.726469549773777,3.9755791515231014,-6.4773361468017105,-5.8097816837735605,6.611564025052184,7.455165748069215,6.216514647952092,12.636922041189516,43.67158994148377,-22.37309975202292
246.9968650287074,-4.9406861611205,-14.817183057043776,4.950010719671192,-13.87964818710973,-0.5563949506612751,5.803665826212565,-1.2816375251155312,-10.171346061704604,-18.463933948662135,1.7421075943616564,4.346251170160959,8.958682271711632,-6.453408658658441,-47.39884022178754,-0.8263440632381066,137.32966419846986,-21.93090607628389,2.4384928854310943,-5.334176177212128,22.200229362256177,-0.8754921383888868,-6.501412300506163,-4.032760155559624,5.311545587558403,-4.113533732087531,3.711042616387032,-0.10703056246711604,64.9519243805679,-0.9331032674942418
248.19032067418064,-4.6299068353879544,-16.041567015460984,7.995464766263497,-33.01864656230391,3.564439208411011,2.05788751678811,-0.4804040803825853,-3.8267478457355795,-4.2803935584261135,-1.5947006445614738,9.757119895540415,28.220628100534253,-6.878057774633997,-37.4482053203356,2.056881849509317,119.74829506433535,-26.108983676163742,8.192294295675243,6.837958276268191,15.787226275385626,8.8374471172188,20.296716876934756,-0.3904550962751692,-19.235866845926036,4.275126036912904,-1.0007639709647678,-12.58830535956127,3.1714608887777245,0.4382044719417242
242.62820076869943,-2.235159155580188,-17.21570460901021,13.18897786719951,-61.95813082924227,9.371719010354736,15.259162266871197,-2.79604726884523,0.3516145049210778,4.837920916720151,-1.7230789925895191,14.442075813030076,42.283610690001495,0.19894926559487727,-24.112836340370293,0.3855072818003127,84.94835491513352,-26.03034081475536,-0.47179321157606957,21.0314171049853,20.30731177112319,-3.7591380397180636,0.49309460982465264,8.101405903245924,-27.523202770384597,33.64830974379207,-5.087681875092455,-32.02329942713611,-35.7272843794774,21.64672397452109
245.5683172583492,-2.979909366666763,-17.387423961574626,15.50483743150837,-64.91225392608095,8.569943540212194,10.489207335615113,-2.881125099233543,7.033899867366723,12.067786378279816,-1.2755006954707468,19.488074651930624,62.70306668198985,-3.7811373260779715,-24.825600443125072,-0.8450399050362232,85.01570908346582,-30.361315650984054,-0.6863852770559534,16.787245847447526,18.71523968976919,-5.999149516808814,3.0557185968720795,13.540472013207548,-16.97963884890636,31.23026423204794,15.486699984981657,-11.04200043474435,-41.522326281566556,13.294925390859213
243.01165065288106,-2.308730153075536,-16.619595901424255,17.00899836766485,-66.09546768878441,9.679275402440732,10.660078004547588,-1.8987262072980904,9.292507996616564,5.882222056166184,2.3510631538188567,19.00315700819581,70.29558553373226,-2.690525987061262,-23.180185674271783,1.4410288349604812,72.88158322377197,-25.9437642043041,0.35420975300397084,17.722630811455204,17.663882614849932,3.0059038555262387,0.2114049734495033,15.450256939049513,-1.0017067027126154,8.545249983163986,13.181673359016417,-14.128070447863886,-50.89104466327377,15.590401520534565
244.01895267778855,-2.190350284992344,-15.805647356332454,21.268877865423836,-79.25372687312431,6.703323049579549,12.961977285671336,-0.9489634213822163,12.27823360334557,16.2383619649862,-1.5604359190470052,21.681148611972617,87.64417520091392,-0.6169308700392198,-24.394403624577965,-1.4970584373823124,41.59200694752695,-7.24349716789784,-3.894574344228514,7.090851805665669,14.023617076422571,-1.9989569396199036,-26.00310545809215,17.336743452826518,-29.73220315683062,76.68164854869292,22.44045907376409,11.978687712838871,-79.15398850475258,18.153042652308248
240.8219692087464,-0.9806563641371532,-10.358560822960323,23.427891548757447,-89.25068480135764,12.21151005331513,17.62375097614805,5.103884657203665,10.70919116641213,16.52233155122202,3.9176363575117414,29.61557265253654,114.90506588440587,-0.6340705461080645,-26.132540246525732,7.616306498853739,14.286673660016483,-3.9631353364049837,-3.0206135706062787,-3.3505888008027003,2.512297992626907,-15.704040924941927,-19.575086562933105,-13.907387863222835,0.21688797770575494,19.978542554265175,10.080108316311737,3.2644948994596015,-159.72281907528853,-9.400366264932009
234.56009636860972,3.3733778715426688,-9.037709993480352,25.087154076563788,-111.92931539695887,15.669461770541824,19.699057042934573,4.47153866925749,25.098358386986213,31.643552806724685,1.9980210929207187,32.19085275613346,130.74364192873352,3.1915155303457388,-7.643387484919804,0.6202777967922264,-35.03644935232087,14.459350486266358,-0.3412795242445082,-8.180633824515569,-11.534117034373741,-11.28533551674414,-3.127698301048603,-3.261675820795422,-37.20641688584886,9.57474932587006,8.640068900260797,-16.76041364524921,-109.0154567452337,-6.8996524105723624
231.80428202925287,0.19474577969499557,-9.27050383706791,26.958513445836555,-104.12327996686057,14.937333327166854,19.824695152131373,2.4721470998523336,23.62147090658864,34.47240601962478,1.8688901065133496,39.328490787603776,154.96748509672688,2.235739612776063,-9.79993265110095,8.42677913682493,-48.272291962148415,20.350417097177765,8.696119469617084,-13.778404164348991,-6.047114064237922,-3.0725688387483787,-0.7094491667156473,-16.23125777338921,22.12719559443634,-28.56706304135812,11.553063639192994,6.761489211714118,-87.03362873052252,-5.605995837885588
230.04360795954008,1.827837490130698,-11.087382424071484,28.82599593840272,-116.17598701981056,14.368432319274888,4.034551404491283,7.042036980223483,35.688700299055824,49.56861931580964,-0.34827595407184747,44.21260822353535,192.93482191610155,7.657721165081838,-1.9660269615453174,11.805775153780813,-97.8846845651123,25.334626354278075,5.680722638301592,-21.93979354805601,-44.71817246183757,9.279224729291709,3.9878663700463948,-14.298282716204204,11.372334327898903,-19.66564367236688,-14.059552806850041,14.389289044966992,4.97687610213547,-27.317278539824287
226.34137176210325,1.0331525389396259,-9.531330669706922,27.583580164083905,-103.74524557858952,12.164675553299485,-4.996752277946503,8.025748005020972,40.50313514033478,55.87548616360566,1.263317697476841,44.758954120671525,190.99296378385705,6.89912715181336,3.425410012927311,9.959906245465493,-99.00445288022703,37.168439753313436,-3.068451338682556,-24.060071276184594,-47.328734231484574,0.9133245800606512,-10.105445672958389,6.341889728141135,19.84422989060049,-8.25191450691137,1.0807086179315388,-4.75716488776804,84.30046171286874,-2.5829499518924517
221.99525318601755,4.66117652249598,-12.78144875582409,25.923925238178473,-86.41691164207971,7.275325132049026,-19.251033683099372,7.426956026731231,47.544936675396784,58.999581616392334,1.7300289120880408,46.113137148518376,209.1626941071525,9.92532975453648,-0.4100422234578978,7.304377519995668,-92.28374288475442,44.607938827610525,-3.8952407311503134,-50.88263934870265,-81.93575357123467,18.63113799828671,13.391227125709127,21.220136715939994,19.527908005859366,-23.634185463515106,-24.374902528932914,6.170373104973071,202.32865668933235,30.507918444841593
243.80884788056136,-4.614111978493098,-14.8712855213593,2.9063722117604875,-83.31273165307296,14.868450652659542,76.65889596315712,-6.687659052657027,-40.53077798317803,-42.12623471226736,-1.1847668380087175,-31.053428432630547,-109.53192885867462,0.8245040445750852,18.053339518476026,-1.5919841827469676,-29.755608651758102,17.254575689302804,10.147452681637553,-34.46083920911496,-56.215809373542626,12.732675307889448,2.901354231718948,15.1487486700554,-13.214947691224307,4.001077704978098,-8.59609043982907,-12.578086256783902,-13.571323743485635,2.4765579765184205
242.10869721352987,-4.139665723492156,-12.744166377885042,5.49473578346851,-80.60104957439454,16.235665721611575,73.9510904558284,-5.072226852958456,-36.68621375653072,-39.01868516222631,-1.4562162789476878,-31.033891686396597,-104.64597598270939,2.4733166938495175,15.889080827221163,-1.2404173098659572,-37.04085734679855,19.819032752330884,18.908759243027298,-41.21128097820546,-53.8886520143862,7.777567014122471,3.546259760739902,11.718632755299323,-9.603029212987037,19.823326917929155,7.803689067763828,-2.4702741104952817,-4.731880693556181,12.078036938756734
244.34747567474182,-1.431290225971235,-17.063224628041645,3.7791683050734663,-79.44635023097143,15.44736879262826,75.42465947392905,-3.9443187005800535,-36.798756244224066,-36.04648938713881,-0.13058226628091582,-35.24642834076693,-111.06570105099209,-1.7995166081237823,18.969773792137243,-1.8618208160115852,-33.92026316213917,26.202857908840453,15.9784504252595,-41.90082473405186,-52.51597721061608,11.323567985071728,-11.078709335371116,-0.618207751009713,-1.663292521363518,12.439689610299759,1.1714995632924425,-6.811914101300217,17.240822884086615,1.6785888607785542
240.835568866636,-3.3087541156103453,-15.270115313968043,5.0441718063905885,-79.21344549713284,14.234014686821663,70.35540314186605,-5.849723148671042,-37.74226398064712,-36.5813454932341,-0.8157514263467868,-29.97559701479523,-109.37796473549325,-0.12325569246992787,26.689319066444533,-2.005845713894408,-34.75256539547661,22.660251267730537,20.769372009126975,-49.09012551192724,-52.62297241030673,7.321611804657521,11.037552193280115,12.798437009208971,-9.52451865087815,6.7783677523308095,8.261699091980159,5.241958939247633,25.014631303602414,11.265526266543322
243.19359387864276,-4.538610821380382,-15.43321183546629,4.884363390329141,-81.11851823418361,14.235410615165565,75.59261308129103,-5.245359604435141,-40.10240856284797,-42.10907073142267,0.7379126051312318,-29.463287332061437,-106.74872523260987,-0.5037623135933977,20.616732120269496,-3.0637694879823627,-30.286538149777233,21.80317466733579,14.272319453615681,-48.758282867896575,-54.00218047360077,8.873709256438161,-2.848163565785465,9.697411118597328,9.4430878981835,11.582876491747355,25.946949575700515,5.845088593869907,-4.29915226907735,10.282755553193946
245.67401227206446,-5.30301231808296,-13.516188767894418,4.366305724188749,-73.9624091130412,14.000318978477683,64.98664761208258,-2.789613177775228,-35.977376825710984,-34.401117034396904,-1.4101875412299167,-29.13642074745744,-98.07743760859502,0.7119875516724039,17.153784972216446,-0.8678676411649877,-22.41539926955183,13.543763123331173,10.173113321602962,-46.465754648647355,-50.154876336442385,10.574789332667422,-6.853916422212169,15.335509454118588,2.1891889379204272,22.05199464642923,21.48734446975314,-1.0276747970829134,-15.40555728113053,7.219454373840874
245.20563156503675,-3.631320785927354,-11.722088307350104,5.732098807512934,-81.44885613421725,15.56301123344978,69.45428287635772,-6.205266904770638,-33.848221570968974,-30.535113326110476,-4.068599715139143,-29.69899298999,-98.8497041294162,2.0159756882078526,24.70515819184723,-5.238178092674669,-30.28435050025056,16.620489545178266,19.805689616072296,-22.82872340947313,-30.93544292269045,5.642558784587487,9.003719372682022,7.384353767994744,-4.687844267111106,-2.5043348789371835,-6.431091063162054,-4.505475930553671,0.27269675414414124,-2.18646568406621
239.16612906195803,-3.6719153133418145,-10.9104050608062,6.8428502023690045,-91.87615370644906,14.500671958621703,63.63286612619287,-7.330040060799398,-28.379365841397806,-19.828557610878722,-3.6126108241277457,-27.682939010600133,-91.73114346404444,0.1346753547094035,32.12844208987476,-0.900079144191505,-42.86865831006995,-0.10164806536364118,3.6670898541390584,-30.340144775570227,-28.218043172716655,11.393948652975553,11.827909379396148,-8.380963337311798,-9.150727493755102,-4.398595351847836,-16.190702607674943,14.782083608543234,17.67235004546363,-1.2548375359182635
239.83373595342337,-3.7046196715836635,-10.639371449923583,6.940135618631424,-86.56384213357363,14.88267212562657,62.00635322366446,-4.01670547471258,-25.124065797895533,-14.974677469424815,-6.143974796181273,-20.072742332223815,-81.61644669004076,3.58907113685657,29.83315229357647,-3.6404286143267544,-22.875666058310127,0.9994482794641381,-3.572382439800549,-9.829102502811892,-9.257559816759551,-0.46059479177655616,17.562896345048124,6.186632534040514,-5.833938678080152,12.318794663956965,0.5925246223919439,13.065075251471315,13.877901561341396,-16.972671296440634
237.73175487114975,-4.134733139566816,-9.143479708716033,8.907099602898082,-87.04128219831605,14.790304014780586,57.52095771471734,-4.560242257587625,-22.472941258149582,-16.05604762862338,-1.5823831308801304,-18.184312384927402,-73.9414525519052,4.154076888811693,29.84945735870763,-4.998395617632793,-25.89403383828827,-16.347506957350497,-7.200191446657746,18.047613129106285,10.68549896411167,-8.77818012233464,8.66330842836884,1.78617071203136,-1.5374280187729492,-6.105108337404407,4.862670118337601,7.14069144137353,-34.70124713178837,-10.952329646308193
237.90406073054825,-3.402717976165543,-8.682353142324748,12.291191951405736,-102.02164618533075,13.709797256131818,54.08406829221334,-3.919515875396721,-15.551744278210224,-0.8314824659957312,-6.574467635755057,-13.794907402439883,-63.42980452302246,4.174855397923117,43.46721795400997,-3.375381500290205,-40.84685492202448,-10.162407339590606,-17.66811486996811,64.02037191513953,71.76357445148913,-16.872533141479536,5.289736345183273,-21.04355504229784,17.966417002278636,-22.934292459202087,-39.26328807089861,12.0338228358906,16.308299169709766,-13.333896543941746
230.64889474542,0.2994131235881786,-5.7275848986129825,12.71234174027718,-105.82238731759278,17.87585273067811,48.28496486639916,-2.7729981415853224,-5.66354676380534,5.903100200577718,-4.462317109663312,0.251749669595715,-37.15877293181997,8.187875052664703,49.506917133275266,-3.2907738602021586,-42.97736027116426,-35.868270070636406,-35.78708322280883,131.0222405835749,125.88244440157342,-26.873497603974144,-12.151814063819117,-18.92979091429256,-3.9409072698531156,-33.38128813733471,-12.752427954872395,-26.213841779990624,4.1237274564774875,-14.879891125520576
210.81306199866432,5.345169274038338,-4.612245828020002,14.408352087998313,-118.82014057074872,19.997499006130223,31.401375079899466,-4.812397352611526,16.128358698256967,24.082281220644973,-5.358432131740285,7.017697848387114,-31.296405668233767,6.98525991510752,80.28846422088743,0.8006758057014258,-103.4045808734127,-47.50408042803022,-80.26884581711415,182.2798422778266,227.18256221727606,-30.7126027327644,-25.01885193265739,-32.43065128085606,45.30791769478739,-71.49093591289339,-10.737480236215694,18.450303309666108,55.4226596832376,34.67372437141067
