5.944668375737231,7.5999434898451765,0.9658752725474535,1.1590402993104802,-0.3917767172274564,-0.9297437218089082,1.7990026551050382,0.5809305612077338,-1.0068244512326872,-2.2113499115935302,-1.0481125821447967,1.3478432377699003,-0.25299622987881093
5.953442799959586,7.56638788903023,0.9823091886477303,1.1423281542181087,-0.38010330070209275,-1.1036647914119264,1.8373067052028675,0.4010045040097221,-0.46733289590076327,-2.2640243289268276,-1.1724086968954508,1.3173499727674787,-0.21966440238363374
0.7362094316873377,4.084223788456854,4.651705663695583,0.9408233714749419,-0.8009101532907958,0.9654634223942262,2.0447633056904233,-1.4884300111937077,-1.7518020160103613,-0.5934937375894711,-0.2155420149833892,1.4183717136158056,1.188888520959168
0.28915460953739236,4.280276065532241,2.5039945790098272,0.5435521556941996,-1.2814807535194634,-0.15665515753305714,2.10635533233889,-1.8842872620988376,-0.0910187795079545,-1.0571812680505843,-0.29400736034012614,1.6267120545846976,0.981604102784901
5.067416673189357,1.3065093686792855,0.4949097974147913,-0.07279783319505079,-1.5897784687041607,0.9846575797614416,-0.2708531783529513,2.6138597829337886,0.07634990559587841,-0.8028449840577938,-1.4140288643884855,-0.14823966817549056,0.17569271530007852
5.056562091491728,1.3480200138485972,0.47457988397521833,-0.05212373086640334,-1.6042193083711456,1.1998102109890274,-0.31823799023361077,2.8364410073991153,-0.5910392032663684,-0.7376830142429417,-1.2602658027823854,-0.11051734841879853,0.13445889351194154
-1.180588999648847,2.0177265166878495,0.3891641458164485,-0.3150158356407328,-2.7879643433940395,0.06226056025631768,-0.35223912423334924,0.7055737231941055,-0.4452887274485945,0.3827223020054728,0.09115107980043687,0.40260706603301527,0.4857616038759645
-1.1804832749080034,2.0173221987394454,0.3893621612618721,-0.3152172035212958,-2.787823688132154,0.060164951525201474,-0.35177759129771574,0.7034057592016996,-0.43878828896636335,0.38208761772528754,0.08965341178407786,0.4022396467633127,0.4861632255361931
-2.0467091221329548,3.697739631528478,-1.6768233514517117,0.17118503457163534,-2.4611324853633705,-1.116016700612085,-1.885952531537169,-0.4325914770622611,0.20448136931307287,0.172890410032733,0.11370019673158589,0.0754625607975392,0.6887782096380202
-2.0464660953931366,3.696810236269932,-1.67636817844536,0.17072215540894126,-2.4608091647341404,-1.12083382244938,-1.884891617660521,-0.4375749200758398,0.21942375989380067,0.17143147761826408,0.11025754582089906,0.07461798358174397,0.6897014070083571
-1.99927612363288,2.934697827917434,-1.9618818422316167,0.4429595612099676,-2.498694672846666,-1.0343253228824083,-1.4629901169010227,0.023596219164259375,-0.7366289318346202,0.6821169560428796,0.5747427652482612,-0.10838796349550546,0.8819757850676526
-1.5570058412972418,3.5554187042512297,-1.4317823402786478,0.36956284888748825,-3.100479040426782,-1.16514124119067,-1.28574585811473,-1.2281264756803851,-0.25602902144108775,0.4874868758700043,-0.1732638500470488,0.35837941500308323,0.601754327925383
-1.7971796650714635,2.5646164647409595,-0.8070989541632083,0.8467196256914539,-2.900531797565024,-1.3145545792274103,-0.7256158828633488,-0.3856281674916781,0.599809140174931,0.3992880427878805,0.33129397157918167,0.7040518496428386,1.5218307336966008
0.5428287062125753,2.640558294137197,2.6733094324601376,-0.12395725838131576,-1.9534479951140253,-0.5247160644300146,-0.8994310005993228,-1.1727907790849599,-1.1235430144006666,-0.1594155180283373,0.51629118987894,-0.15267196962503282,0.7577056413588077
0.5848496058306324,2.479859825754776,2.7520117975706047,-0.20399206790652702,-1.8975437612199213,-1.357627674589167,-0.7159921100990295,-2.034460399404435,1.4600932353328482,-0.4116743953191236,-0.07896548206883285,-0.29870484827594806,0.9173324546708989
-1.2907060048442076,3.981006115453251,1.8190117835129263,0.29251079585655887,-1.446797407814275,-1.1284603753447389,-1.228644025507582,-0.05143591677985193,-0.41858111744802934,-1.699983175048115,0.633119893875946,-0.20556805564665337,0.5620543377165993
-1.290807619985873,3.981394717262794,1.8188214650748924,0.2927043364180894,-1.4469325957016965,-1.126446224480989,-1.2290876183153177,-0.04935222315754379,-0.4248288790598805,-1.6993731614171539,0.6345593464244901,-0.20521491823677307,0.5616683273885062
-1.1794368327799825,4.364155582451533,1.4752100593471218,-0.4961187631009442,-0.9971373310478788,-0.7962587188663455,-2.2477672497296015,0.16071075728309672,-0.5501360060150817,-1.7341875699667155,1.2391928990561916,-0.2673072991470546,0.8409013902779602
-0.991267489442105,3.4460610661353326,1.6827375252517487,-0.9321416726017392,-1.6915837877080646,-0.7818933411081642,-2.078116935787394,-0.5717675777563672,0.011077284476855688,-1.6362699712984876,0.5200806359789534,-0.42191451859505924,1.2358129253331542
2.934469909286599,0.6715603142136557,-0.018994911109134906,0.8602346290888923,-0.9986952946864175,0.06575671647994889,0.3074167858365804,-0.22704410363947108,-1.0039190236693867,-0.723833966445076,-0.16878395391443715,-1.6286923335264363,0.6982377457853151
2.9618401057472687,0.5668898123792411,0.03226765619837596,0.8081041778061214,-0.9622822269374512,-0.4767579514980914,0.42689919856824027,-0.7882902218020706,0.6789252843027133,-0.8881420867650389,-0.5565027368015588,-1.7238104441504922,0.8022102280608999
3.5453876886646443,0.03871759531984236,0.20820388158843356,0.12894663067040968,-0.437305610278613,0.42025807387583136,0.819300483703848,-0.03066005660117524,-1.145742967595987,-1.297416253313361,-0.43846422897086135,-0.8757803282265582,1.2814724612350352
3.395082010684316,0.10438708011791954,-0.7351276021636488,1.1158448045760574,-1.08347875155224,0.42898440187557496,-0.1642159954236414,0.5182382913885445,-0.652456731413678,-1.3439197816839081,0.6507827243932859,-0.6543965113203744,0.35726965576571046
1.9766593079967751,1.4119591962270528,2.0804659358763287,-2.215153208264101,-1.6735444166357232,0.03066360544803759,-1.3680987436086987,-0.7430950956763435,-0.454344517973546,2.5342705112014645,1.097290225258208,-0.6867823970552929,-0.8366586878687767
1.9992342582199603,1.3256269197253776,2.122747324208439,-2.2581504276852993,-1.6435109021489855,-0.41680273417254193,-1.2695495964062213,-1.2060111437464816,0.933666216272782,2.3987491004283132,0.7774996005599853,-0.7652358570349121,-0.7509021382099118
1.3068020082878655,0.9886611129295999,3.1851151311249946,-2.3307292584489074,-1.2986960440490707,0.3888642533788333,0.5798319761007902,0.003577319577560552,-0.6910836987013758,1.210684395481227,0.45471424835683094,-0.22489045954847675,-0.4442814199148751
1.3069236298941087,0.9881960013774174,3.1853429203476633,-2.3309609041818233,-1.2985342397377926,0.38645354706824114,0.5803629055362107,0.0010833786046969439,-0.683605848548324,1.209954279512173,0.45299138965491853,-0.2253131243040448,-0.4438194100671343
0.6484288326671279,-0.041176885440922836,2.6376457730019025,-2.387852222810719,-1.376698948031061,-0.1350252017224708,-0.45133823089532515,0.2416435062493509,-0.7615377635343955,0.8718451464563453,0.531530744418321,-0.23679214531165282,-0.9783599465375071
0.5935550292728622,-0.1723774752385125,3.8556538559238756,-3.00380828003756,-0.8748159492409023,0.08943227174136688,0.18467975578167253,0.04067017450319489,0.4297143931747121,1.172185782939275,0.7822500887210124,0.033269565277639475,-0.3260832323225436
-3.7723580882418517,-1.3371810864051277,3.285992540060443,-2.1074558050892547,-0.16619303399082777,2.525978062746117,-2.0297846097064873,2.2627285433120186,0.8182080010898922,-1.1971197840282397,0.6060467724344965,-0.3107051937968146,-0.78467211586946
-3.775001992765087,-1.3270701318254976,3.281040681794764,-2.102420111021698,-0.16971046122832423,2.5783838606602867,-2.04132636432715,2.3169437606777765,0.6556487120419395,-1.1812479585138491,0.6434996071370832,-0.30151698050496,-0.7947156431994701
-0.26262951173820587,0.19806229633592398,-0.8106652389255579,-0.09716308897386744,0.7715831801009971,1.5510516558632845,-2.7022956853183953,0.41006293843982944,-0.12324513404811512,-0.5468802800252492,-0.02525710432238692,-1.080877060404021,1.763602959475745
-0.21710514438019474,0.023965687862379258,-0.7254011105085285,-0.18387075357342397,0.8321483965479498,0.6486965310971418,-2.503562685435338,-0.5234478786347515,2.6758002652988067,-0.8201710925372744,-0.6701429504695864,-1.2390853442455998,1.9365385642690667
-0.7727749410790031,0.2800905017079313,0.41438197633302454,-0.7031791017093144,-0.00992647293135889,0.9101389974096735,-2.376783292166796,0.29360520811737645,0.08964268452624514,-0.3024475395279054,0.6367990391798425,-0.1390844060969867,1.158707531426115
-0.5431789362052364,-0.4807094034352676,0.6202430713294654,-0.6696573218574587,-0.5385446822195814,0.37092758971290024,-2.43845043696272,0.0973377226595173,1.3412700323782711,-0.5450631071479721,0.021982717811465827,0.09190041331720444,1.1875168269434702
-0.543346203531397,-0.48006973119196167,0.6199297906930633,-0.6693387373266484,-0.5387672131936804,0.3742430565216951,-2.4391806291529567,0.10076766287342565,1.3309856755179392,-0.5440589718655721,0.02435218140698395,0.09248170808636652,1.1868814205031293
-0.44644284968538467,-0.8502969958583605,0.7221238462911046,-0.5263679269794515,0.3822244997347149,1.3239598306461873,-2.401112238737378,-0.48154498009155944,0.8041515525128158,-0.39001956297657536,-0.08174014933036651,-0.6537333557179241,0.7841969106859644
0.43978603754407675,-0.9785615545445766,1.6359560206500565,-0.5690945209763388,-0.2735808609669182,0.6405611437299602,-1.9407928077134797,0.5466774528269173,1.0192317356092973,0.06695561860065681,0.21239890377289652,-0.3471330705053737,1.9616025275454367
-1.3608248656920912,-0.2419152126192971,2.3924316888601527,0.3150115907302325,2.4535812762635216,-1.5672974701915656,-1.8280091564092589,-0.5528290791881667,-1.2800814195295136,0.6333965679950594,0.2724180935975307,0.3208184383440687,-0.4408441251697295
-1.3169028730755217,-0.40988393784748506,2.4746946753908596,0.2313558778591002,2.51201470750012,-2.437891339532353,-1.6362711958377687,-1.4534820172640313,1.4204426843364724,0.36972509388247743,-0.3497689463729036,0.16817879768474236,-0.2739955384086956
-0.6329811586302535,-1.1718082831965815,2.72127866253285,1.139449931929477,1.609495762077234,-1.9627096757819025,-1.5972071236251628,-0.11067796704957374,-1.5633606600164023,0.1903567238044858,0.027300351657097908,0.9093181827157526,-0.17603829630051074
-1.1186462621906819,-1.1297765868470813,3.7265362838113476,-0.4312670674742894,1.6785211769342203,-1.6781069353181044,-1.119763691329388,-0.19400415370148474,-0.7698720278657427,1.2231975222666858,-0.5295491695496498,0.4211937293651482,-0.04236341241980481
-3.7054734720733085,0.02459131539827537,1.1696625819080395,1.0787011112824347,0.9841513194645054,-1.846936531169913,-1.2172705733046658,-0.09903876209269477,-1.0257778961750474,0.2447429088014404,0.9032973756170231,-0.3611602282028653,-0.36604067879728297
-3.6542253385949377,-0.17139441152064716,1.265646945615269,0.9810917159875889,1.0523313838289505,-2.8627445162702143,-0.9935509282963161,-1.1499196360807737,2.1251907072910687,-0.06290868200235876,0.17733021034574215,-0.5392599958269929,-0.17136192823027835
-2.087379021819329,-0.6631081131750857,1.0865748005480496,1.3232457094390069,1.620952558649038,-1.4477620462653156,-1.7691022810315162,-0.7961154694317778,-0.8715008951246301,0.6833159120322693,1.0312237400960027,-0.8178322620043149,-0.6880625073175642
-2.2629296229361686,-0.5280932725283403,1.05238684888203,1.4052046833313,1.7661652858231307,-0.8168250380379942,-0.24193046943483604,-0.4649852153950071,-0.19094202660399318,-0.029159829535519682,0.015570285189787139,-0.429869166262712,-0.7316214307563047
-0.14548534213953807,-0.9302002141357749,1.0385958860520765,-0.8640023478664484,2.483889405821528,-1.3794249445825517,-0.6437471282279922,1.8198536644314054,-0.6469407210507612,0.15515943115877212,-0.07806209307066188,0.4034976393811342,-0.36713827260019405
-0.10506874172022435,-1.0847634396650307,1.114293504895004,-0.9409815402592331,2.537659294224271,-2.180537153944761,-0.4673116781043433,0.9910813855307302,1.8380559088038941,-0.08746855487570866,-0.6505926975012529,0.2630400918711362,-0.21360578784894638
-0.1444704253734986,-0.7185191128571881,1.9066055589408633,0.24390384895228748,2.6788569826775537,-1.8977761754515514,-0.4817062784758714,1.5089879148325798,-1.148433415067348,0.4526730931193424,0.36157083998671613,0.4159322202108494,0.5457576177859268
1.5706722031777725,-1.3212102485487354,1.4738272852028167,-0.8720562391510922,3.1713522640551224,-1.4820320161516816,-0.05640866803687988,1.6836883386096089,0.20432123941609395,0.35209568248738343,-0.3803826270085498,0.4217984526715901,-0.01867848151691212
-0.682203173586139,-0.12216118045302253,0.44339658552002364,0.07858583317981649,0.8917492782762628,0.7004404615544438,-0.11081639125591398,1.7125428811748993,0.04119721419424215,1.5991961789956792,-0.7523922816390878,0.8615711635543083,-0.20369599351784626
-0.649575833955919,-0.24693631743548508,0.5045054342001045,0.016442401307718246,0.9351564028882817,0.053722037303051015,0.031615661273772376,1.043495154763898,2.0472746225127114,1.4033285003187672,-1.2145823294325544,0.7481831977508675,-0.07975294852446442
-0.842222134807133,0.18238439076934468,0.11642174821752177,0.2743615884356199,0.7784164536939709,0.22130617784719808,0.1910007841538679,1.3673091341753125,0.5982170153300429,1.839039646997543,-1.0028990086632328,0.45656542966847435,-0.17713151836794064
-0.6269064571851963,-0.29525138064164047,1.0475896712783939,0.2639544814884113,1.4300174938358892,0.5185935740415828,-0.32039930621448,1.2857837045273197,0.1386308156988032,1.7338892187323731,-1.145820371329907,0.9917526694041529,-0.11019283638664944
0.041628451013154585,-3.6462696163822046,1.1851030257051738,-0.5726908006403186,-2.370062280715943,1.0931153980940083,0.671791613742638,0.07432332986915817,-0.6989351194601187,-0.1439747218105542,-0.5815450570654878,0.5695302079471456,-0.694888346005869
0.056716406085087656,-3.7039697440120403,1.213361767417864,-0.601427967652045,-2.349989398483726,0.7940515258971268,0.7376568799190034,-0.23506634613490057,0.22874106102425654,-0.23455037920138458,-0.7952769382067696,0.5170958828342384,-0.6375730050821901
0.05658682549785906,-3.703474195318676,1.2131190715503317,-0.6011811629022354,-2.350161791353046,0.796619990078878,0.7370912061859886,-0.2324092003714134,0.22077385647917128,-0.23377248406467696,-0.7934413347379284,0.517546206990605,-0.6380652490939656
-0.023441096559869597,-4.173416754911645,0.7436109143949247,0.051147865251729194,-2.5513520866966473,0.3060328120109149,1.1078667043373462,-1.7816076947673936,2.3632487030514766,-1.5175605249080597,-1.1214341543401174,0.830167276403826,-0.34190932792048967
-0.9410100574254621,-3.674210181642741,0.9749929496091557,-0.7347288230351064,-2.1600450483584375,0.7962979801169114,0.8183598194740048,-0.08856384663126926,-1.0541099260137545,-0.7333927227015344,-0.7240397839811942,1.0477147571419583,-0.2182634857363661
-0.033252951780240084,-4.326776393471639,0.2808776842197382,-0.9231505741472534,-1.6716866939320945,0.7490795476575611,0.6626139920368288,-0.2900429189974662,0.6066967516775833,-1.5508391622778077,-0.083159923806596,0.8643801357765196,-0.4654822984507312
0.5333976095840831,3.994920351643171,0.16136158106948617,1.029347317717901,0.06364848135436776,1.020918289272668,0.053608717421176365,1.1127808313756586,0.23256825908483292,-2.155893111440912,1.4743104868079575,-2.0182275308938946,-0.8585204644954758
0.5806064004146695,3.814382084980235,0.24978052321835423,0.9394314278539471,0.126454639919254,0.08517559119218193,0.25969493381673964,0.1447296653969943,3.135179683509843,-2.4392958153673585,0.8055635544025045,-2.1822895972770926,-0.679186159206943
1.4236004169125476,3.624919694754543,0.6550649792996903,-0.33162305019254945,0.4048306670144057,0.9926949755897981,-0.27250866440598326,1.535277062840069,0.026752900250874474,-2.057209641415469,1.735697912976752,-1.6940810706855587,-0.557106513821834
2.5653543135012016,-0.3442237597951376,-1.8865284015636723,-0.9126699708781099,-0.3803281528529414,-0.8185272058374101,-1.5594307863775636,0.05464358906812184,-0.5925709579243784,1.377005428902464,0.23569325179423165,1.2433002080177769,-0.8716987760880744
2.6140586053405435,-0.5304811977217967,-1.7953084849596177,-1.00543425617073,-0.31553239294819213,-1.7839127760248505,-1.3468160794384447,-0.9440739309894556,2.4019906782489198,1.084624968457597,-0.4542385424646748,1.0740409107490199,-0.6866834391580846
2.4010560163087495,-0.37186834076218467,-1.573410058528821,-0.4499831364377293,0.06333027380021036,-1.1911235594090732,-1.6491263008712187,-0.24268772573277067,0.14573224458151454,0.43362560464268735,-0.24145898543820427,0.721966316422044,0.01059057275676567
0.8064250240100244,-0.8862084973471357,-1.9531123941153112,-0.20396628454864726,2.117168804230876,0.19914901852624473,-1.9791884687543233,0.5954380177055929,0.5162747004448158,-0.5130527753110597,0.5956437140324167,0.3036712808001286,-0.6530833673428466
-2.5405618141943913,-1.0479577446401822,3.2138161064669086,1.7002470293646612,-1.1123103522127251,2.23939931071063,1.108520319125111,1.0952886236607755,0.42529437217457916,0.7557169376780949,0.612961906237745,-0.13378256559401464,-0.017862029123354124
-2.499197519626839,-1.206145190486024,3.2912886937551975,1.6214628180091246,-1.0572796598813472,1.4195025092496592,1.2890928525731702,0.24708317544877012,2.968559553566825,0.5073997763993247,0.027006523427046816,-0.27753358149250246,0.13927050698930954
-2.1737446324897483,-1.0681139169604144,3.221653591429122,0.9637197778737094,-0.9714807072112527,2.3797409749418827,0.3984598061658707,0.5197198009822919,0.8022249537217352,0.22945720566507677,0.07180828673439174,-0.12420940355489363,0.23482016741986536
2.017606902317059,-1.913734937603804,0.9730018879250363,0.3876859368860578,-0.7783294462752328,1.455555004047585,-1.081598801102791,0.6101317700322361,0.046633928589570904,0.9508101552488141,0.5859015916682625,-0.4657234384114569,-0.00592187566164839
2.0298056022110544,-1.9603858281615938,0.9958492458268566,0.3644517693326438,-0.7621004036255883,1.2137601147684935,-1.0283463482890731,0.35998840800070714,0.7966655445762815,0.8775792066580765,0.4130981160884826,-0.5081168968454893,0.04041791259438981
2.029805639501327,-1.9603859707689575,0.9958493156690706,0.36445169830798935,-0.7621003540149386,1.2137593756243679,-1.0283461855013576,0.3599876433360891,0.79666783735205,0.8775789827979873,0.41309758784458844,-0.5081170264382854,0.040418054250743185
-0.3443376162316817,0.7594389645178694,-0.21292444190633478,0.24763914287743113,0.37824396445796604,1.5980379602131976,0.21347640096311632,-0.26156126311745354,2.533226658300315,-0.14761627569013963,-0.07852964877506427,0.2630249958252362,-0.109407615529249
-0.40762518068559334,1.0414228455628314,-0.3467409196517012,0.2818472470738438,0.34673939166960827,2.3166253016716136,-0.1554723702542206,0.3522074259623385,0.5060090988450096,0.09610030926626437,0.24555116576534755,0.324828413003588,-0.20662331692300515
8.89460264431786,0.9756323518263833,0.5604640273129365,-0.44232435175547785,-0.3662851713646617,-1.1749333178543608,-1.4765450724059739,2.937026999484898,-0.639733830863903,-1.1458276560401806,-1.3914742324539195,-1.581817559486908,-1.1682154668360452
8.916919815609779,0.890285886666502,0.6022626127600358,-0.48483059435678194,-0.33659460369242594,-1.6172901270589277,-1.3791212385969687,2.479396899022976,0.7324274808976025,-1.279801574389759,-1.7076132306967609,-1.6593751747861267,-1.0834381544070149
1.6666808921817267,0.5031724522762127,0.5426377929292616,-1.6472194827269362,-1.4467074201551915,-0.9201997591494143,-1.0784319324475058,0.023545942454704556,-0.7267671353703471,0.13902406759708835,0.3847219737540059,0.42853336280012017,-0.1325364307919839
2.042014087233811,-0.06032741802427015,1.0009780825984003,-1.2096740215504924,-0.7174675803986889,-0.2244537422291865,-0.19314725885972417,-0.7245048830913411,-1.5490989632896044,-0.01677903947941993,-0.4373890959455821,0.12524682693768724,0.4490642009191193
0.40558983396796805,-1.165739367628449,1.8467085477156764,-1.8018426834215637,0.3214058474190804,-0.4816639036080552,-2.006545202806381,0.7358896308102366,0.6959427460819305,-1.4488708948273874,0.6666968628427284,-0.121330348100824,1.1569693325961419
0.3170489484221418,1.061563042259531,-0.041031139375209316,-1.8861879481447053,0.5887840899995257,0.03270135651590777,-0.6368845448263275,-0.4583224461019592,0.14418405742896018,-0.31504746608947226,-0.3070918798772874,0.13212779914306036,-0.5510373159488536
0.32364216884087693,1.0363489123235041,-0.02868247370251908,-1.8987456788255694,0.5975556522400911,-0.0979852752558451,-0.6081023662097392,-0.5935213063484628,0.5495652708527456,-0.35462773199710845,-0.4004896528794589,0.1092147495396642,-0.5259913322961234
-2.3505687780501296,2.5590125822325795,0.7103348882838435,1.765434789130916,0.2611005996446637,-0.2840920941675546,1.1905983056842875,0.8434200289400487,-0.4672509190317228,0.7451058595085781,-0.17524410476558774,-0.9216108576332984,0.13680546659562387
-2.338516916952007,2.512923240090229,0.7329072268350507,1.742480297052453,0.27713428925656275,-0.5229764380034096,1.2432097454296966,0.5962877050023663,0.27375237915761,0.6727564101271916,-0.3459675017716488,-0.9634940154251789,0.18258745125229206
-2.8677303202985236,2.1220087843733464,1.2317460732418488,2.4139581152076905,0.3240643927340291,0.4194765567180278,1.6602104147482928,0.6198190415864413,-0.3441469490740038,0.09802053234282794,-0.011674274402958566,-1.3704352759951757,0.18157084164489193
-2.324038493928588,2.3295219890980765,1.0410896767786393,1.9141828385045094,0.061375925295209466,0.21209947644683072,0.9147305456152355,0.32098550664873293,0.3274794339301946,0.2837364359135791,-0.7978235850920952,-1.6802780115395857,0.17038947279903527
4.9444070050402535,0.11806374598250373,-0.6384399397425755,2.7286585778878956,-1.2147352207584783,1.1804777567421543,-0.2494105463018087,1.8752937337234934,-0.07957808990492529,-1.4573012325147277,-1.2777465280425049,0.845970639936517,-0.25909762037116535
4.959949184343514,0.058626550871013046,-0.6093304660936142,2.6990562759036574,-1.1940580426187661,0.8724105400351226,-0.18156240042057484,1.5565898539659484,0.8760258646211857,-1.5506036781388963,-1.497912826502675,0.7919577747957528,-0.20005679600389314
1.4564327519583176,1.4582912271101627,-1.027400176379129,2.149799071674876,-0.09408728710341438,3.3573098004785584,-0.4702964944704285,0.6950732484854402,-0.6300003185361712,-0.35521702622808654,-0.9646119313484769,-1.3604145649506885,0.5848663955470642
1.2557359672368984,0.6507118532334257,-1.055898935944478,1.682137235490187,-0.011030959339951515,3.069997273244989,-0.11074492423296385,-0.5216348550298958,-0.035234223746614966,-0.28519211990087834,-0.5330165891684117,-0.8649033602375594,0.08436186707949196
-0.8905312673135108,-1.5094101230973647,-1.239070310223119,3.0445501542053997,-1.2486389792521784,0.3843188228844762,-1.6854988935069233,0.03470375946930823,-0.39654503837032606,-0.6561037764747364,0.18015036645289076,0.43238138928080905,-0.2477601181578475
-0.853400100664745,-1.651409025166205,-1.169526091486,2.9738285400278253,-1.1992400029341772,-0.3516716028707416,-1.523405742838056,-0.726698270450876,1.8864481631227334,-0.879008723690327,-0.3458396738789552,0.3033415257207248,-0.10670816875704033
-0.5776108337266729,-1.0884950328376117,-2.2706765868335963,2.0518977337325195,-0.8788979624168821,-0.4054785290544599,-1.5278922144667761,-0.15351243695902272,0.4249572961598189,-0.7237588261487444,-0.3944614028339811,0.5868048787962453,-0.11598619634304967
-0.5764707509619083,-1.0928549955179,-2.2685412872368667,2.049726283150778,-0.8773812063712156,-0.4280765262402874,-1.522915273959842,-0.17689067711991074,0.49505477587861374,-0.7306029442155197,-0.4106115061984311,0.5828428130253515,-0.11165530908681373
2.069131557869812,1.971254637646439,1.367153175275501,0.032236833830367684,0.12628716065219364,-1.1860432369245821,-0.08556092788422459,-0.6877609746356106,-1.138718287963494,0.46688850564482653,0.831560117049003,-0.16167283993187856,0.8774276827633802
2.0829163226464997,1.918538236837312,1.3929711277771777,0.00598177900574634,0.14462629002009422,-1.4592760979574264,-0.025384635148301738,-0.9704277699513679,-0.29116818087834234,0.384136129615485,0.6362888763298331,-0.20957826080964428,0.9297925320064878
1.3291177871546231,3.44239716805336,-0.3366461017280429,0.24613167888337092,1.3051502483402777,-0.1681117658194415,-0.05317005488881155,-0.49561953107493795,2.556406556337233,0.38418070417700373,0.5871844150512857,-1.1733550803486248,-0.7954809914200434
1.6280958276892459,1.985881985093452,-0.37615985772995575,0.6354506289261752,0.6137613922802578,1.0538085845147998,-0.3665976563866812,-0.15675398537498034,0.6064070615719809,0.3406807354051389,-0.18455089653106552,-0.6288963237160505,-1.1146468740760727
-2.396979817439955,-0.10635503475392298,0.8819636251607444,-1.094874476623117,0.08407681262061029,-0.2765339536596905,1.2572442449362207,0.008809863399818567,-0.8076069456683256,0.2920813440129614,0.34055959303595407,-0.16360308251062586,-0.6086434848830639
-2.3610356386347413,-0.24381459734690106,0.9492846941915485,-1.163335302792082,0.13189663079019995,-0.9889966595184007,1.4141556947124898,-0.7282521030335175,1.4024048382808263,0.07630209433107539,-0.16861589930149123,-0.2885178737068816,-0.47210060331823195
-2.9043081532379103,0.19909712635055135,1.0381390211387433,-1.0221477388232396,0.20604632491861752,-1.4466898499379255,1.3430356711746325,-0.21826506457612893,-0.45851569144108884,0.6666096885640841,0.10302357807374057,-0.18240183097557117,0.03917167619085953
-3.0069911632062944,1.6192241301523513,-1.3191105398166414,-1.261239471852824,1.2838918031156124,0.4928541433853927,-0.05069032154471734,0.5338282993494198,-0.2940280396674121,0.16647224820799614,0.1591539359176547,0.22106190993034425,-0.6719411866306461
-0.5888209396734945,-2.695565059363574,-2.131969047876773,-0.46592989163754867,-0.6021602334906121,-0.5506877318605043,-0.6480425094004615,0.2453104023883625,-0.9938571345139454,0.6795699373431244,-0.35199596907467234,0.22336630675310065,0.4573653314241394
-0.5682384706896099,-2.7742775874460897,-2.0934194450941517,-0.5051321457457847,-0.5747774984551456,-0.9586603725759626,-0.5581913803556655,-0.17674834446816295,0.27164678042194595,0.5560097431316718,-0.6435616447069579,0.1518372052160121,0.5355529467264196
-0.978997365288266,-2.104947803786042,-1.6945523309876847,-0.8019254315495249,-0.7896281409730996,-0.03160590285903961,-0.0756617102437341,-0.16732762391370815,-0.8503735343976915,0.24977008356649352,-0.1012970800648296,-0.16576543978882166,0.9599496944422303
1.3291394713950593,-1.0615346825076974,0.22705468957112612,4.312271403396619,1.3298129569815134,-0.7546025832342659,0.31859698798256236,1.0216614095730043,-0.44521216139948594,1.4656700238488916,0.4120851878072193,-0.7290986684784885,-0.5277796167871314
1.3547876688626521,-1.1596198279299739,0.27509206668269004,4.26342074532785,1.3639350924717846,-1.2629848797720682,0.43056215125969144,0.49572615414876153,1.1317558073947775,1.3116993674251776,0.04875977581490259,-0.8182324124593086,-0.4303485749445224
1.95909125692657,-0.7902078147074588,-0.07265441736708754,2.524261222537526,-0.018089777909249663,-0.5607582804719023,0.06906757097758395,-0.2007054252080389,0.35052721743569903,0.6465477421120776,0.14918012078112844,0.14441551399918875,-0.1629352158481813
0.37665439052677646,1.4973179552784426,-1.3959507330214957,3.0167567819457437,2.5436589884746796,0.6363354836406039,-0.16396499227191133,0.879484404386941,0.04934436246719123,0.7323638781636432,0.07602358444507666,-0.03961632308422355,-0.34562944946490354
0.37669983176567795,1.497144176574054,-1.3958656245871786,3.0166702326111716,2.5437194430977623,0.6354347762353573,-0.1637666221626842,0.8785525981803384,0.05213829675051044,0.732091086385928,0.07537987617410742,-0.039774242476396764,-0.34545682964417773
2.1460346075966603,-0.338941383592674,-0.11704495593165684,0.3241292238726654,-0.9614831551805278,1.4820858585168324,-0.5305123111483886,-1.341444113194465,-0.48494684962820656,-0.5050484088497759,0.9643035990797298,0.062050164196211816,-1.0209462099510025
2.151112686564703,-0.3583612322847939,-0.10753404996259652,0.3144572966494172,-0.9547273237503938,1.3814313992303362,-0.5083443618603558,-1.4455738775764082,-0.1727234317552987,-0.535533013199415,0.8923689091068843,0.04440260080608242,-1.00165586703156
2.1512185306701097,-0.3587660067132518,-0.10733581095523981,0.31425570142198034,-0.9545865096869455,1.3793334245305662,-0.507882307848226,-1.447744289227466,-0.16621565419614803,-0.5361684140461476,0.8908695502044706,0.04403476671539701,-1.0012537919354167
2.004974927057668,-0.19172830883042433,-0.3463561993522609,0.24699491042804078,-0.54326693985689,0.8130471765567978,-0.27062699668553675,-2.3005354820721675,1.217349167013653,0.5058878757311311,0.46191050337512984,-0.27168658251763017,-0.9417234253607246
1.5742568111249262,0.6011661322386055,-0.6689918685151134,1.332417211773509,-1.0835514374148947,1.1436542187521683,-0.5165451546972414,-2.0455617249888802,0.413430476557107,0.011409759754354933,1.067801011796319,-0.25260086994742764,-0.5881382409042994
-0.658236030948909,1.152946522426884,-0.03868115508144669,2.1705932376982657,-0.5420454741800076,2.8859996628805744,-0.0679779706495167,-1.0711249911532779,0.34068495438627855,0.6488621941206072,1.0740042784067692,-0.7357690637984736,-1.0999597570734516
0.666176848827241,0.8365710724655508,2.5664952155765692,0.966661244526863,0.15084449509932665,0.308142160155609,-0.2676108588986777,-1.6200843444418744,-1.068155969379213,0.2832260500654642,-0.21361566415907837,0.8547382705373489,-1.063047402332832
0.6974104946345938,0.7171257705119547,2.6249937679256226,0.9071723017462289,0.19239746175284106,-0.3109513494313113,-0.13126286575105214,-2.2605533484050695,0.8522307965561006,0.0957249614006448,-0.6560630230940322,0.7461937308090566,-0.9443986491251842
0.35614763557360596,0.0911253739319549,2.010810329948215,0.43022367548407875,0.4244269502993858,-0.5210129222049684,-0.2140016885628877,-1.8108533600352414,-0.7380690263358696,0.20918886401356065,-0.5017722780951813,0.7388550814854765,-0.6467125550230841
-1.1290963454879377,2.517630378147764,0.04867399847815276,1.0958510704332376,1.3064862655601959,0.7661969793763322,-0.5431555896281216,-1.2708606476049666,-0.590180843341202,0.15279025208462652,0.23802916346338376,0.38707618899296703,-0.7141836975307516
-1.129063002523711,2.5175028662826855,0.04873644764436041,1.0957875639920345,1.3065306247454536,0.7655360762953879,-0.5430100335734119,-1.2715443697429212,-0.588130766074105,0.15259008838518523,0.23755683607156383,0.38696031405708864,-0.7140570360081693
-1.2081167120270493,1.9743923552718552,0.3518650759120863,1.4029272857354642,1.4497574895388576,0.9512115261880395,-0.7831145031195197,-0.5316583325917025,-0.9324977504931468,-0.20845465831039794,0.42393115678986343,0.589540222169316,-0.7014685035586162
1.510603108664809,0.48609464466443925,0.5924304609291344,-0.483060933828467,-1.2664789476599327,-0.883004578918065,0.656559826217255,-0.18328254868015376,-1.2905829185385231,-0.8036293746529913,-0.6929412653997167,0.8328558008968596,-0.8976789601609448
1.5519542284831214,0.327957582366867,0.6698783727836659,-0.5618200519909593,-1.2114657828986382,-1.7026402388589117,0.837074846346817,-1.0312178389165108,1.2518722192795033,-1.0518674455866674,-1.2787100182844056,0.689150570466426,-0.7405964716021541
1.647094780737786,0.09155596392165523,0.6908669494089507,-0.854139236014412,-1.5189164061925875,-0.8833145095327452,0.2424073967483866,-0.9828240849856137,-1.1798129314415915,-1.1112760298877686,-0.5184155150548245,0.4523229988310775,-1.1184185498216586
2.289576664503595,-0.9409302764973094,0.8163609411576536,-0.7298568867966344,-0.8440844406577623,-0.7573422208781267,0.7437138237971136,-1.3214347140979923,-1.1232970629797534,-0.9259115428576374,-0.7039472188058148,0.41845768776475833,-0.7748603540107989
0.3875874096701065,1.6626049670008822,-1.66615063538546,-0.7193285714243244,-0.1895741897682304,-0.34905000711364376,-0.7463785164057924,-0.03884716159718066,-0.9416931093393678,0.24968522290094872,-0.2772938687789425,0.01092999741488882,-1.0548851803017592
-1.2578915405404685,-0.741575142934312,0.33750305508425565,-1.6470432830438622,0.02890863898742865,-0.2213629573883428,0.483564884534597,0.22009846709298658,-0.635122669184795,-0.09976215636855469,0.8607344181067861,0.33269496088865524,0.053614864983956866
-1.240879246475337,-0.8066344259288907,0.36936595642740594,-1.6794456287210255,0.05154164482825731,-0.5585698561240506,0.5578306993205185,-0.1287512029784691,0.41087063503546967,-0.20188996039030843,0.6197428724842046,0.2735730882641235,0.11824028503512926
-0.8104175485423867,0.4395646824295709,-1.4872724383676514,-1.3936955056256644,0.6151160262182329,0.5591183849452975,-0.5495897831166865,-0.8249189786671741,1.2728465619435918,-0.7760239126659783,0.1143223538345019,0.30152431640093436,-0.5144990105611285
0.3143132746728509,0.8626878580445037,-1.5715974130257615,-1.3450860653155574,1.0309124161259757,0.4726500798669678,-0.604991882761623,-0.4067987205573299,0.3583583554421854,-0.818945453092808,0.3371568003894604,0.4754986460252969,-0.5263379668225545
0.31455317481408723,0.8617704196837874,-1.5711480959317143,-1.3455429894243565,1.0312315771560538,0.467894931482931,-0.603944617802061,-0.41171805035494535,0.3731085085052598,-0.8203856159841368,0.33375844002663785,0.47466493450241337,-0.5254266466126887
-2.0745176542478507,1.4552693205471297,-0.7450639007633885,-0.26297632670430665,0.6547944217901236,2.21599870314537,-1.0928524802355766,0.1255538890776531,0.0319875108697843,-0.6143437907339155,0.10215165890000912,-0.6839800028860233,-0.49878522394801167
-0.4293030584708863,-0.9257522298245763,1.098112344860768,-1.195927380251922,-1.0234483823017972,-0.8680784923100493,0.2957007172473194,1.4714908828118312,-0.43105414088082145,-0.42207282203102187,0.855817814851662,0.6895988518190217,-0.45801439728750304
-0.3876738663365508,-1.084952710461371,1.1760810677674587,-1.275216126886185,-0.9680652725860699,-1.6932259252634838,0.4774296399252267,0.6178535141062642,2.128498149122301,-0.6719802101588376,0.266109964924758,0.5449272522448744,-0.2998755820417415
-0.5124112178779697,-2.046347556690952,0.6729333595377958,-1.4751944731040005,-0.8385585245746455,-0.8436600982524957,-0.43816933847025763,1.280123594390923,-0.4981999430599021,-0.24329939731335734,1.323852753472595,0.12312877987599914,-0.807125861143299
-0.37368925004390924,-1.0232743822791164,1.394393618323012,-1.8820111831812611,-0.6064119033110453,-1.7273575485865147,-0.012307484178683017,1.5762722392857298,0.5287067259221481,-1.0563222019788716,0.30404069679503876,-0.11718418510314878,-0.4289127814095079
-2.265798883556658,0.9670854098554329,0.020455195707258896,-1.3994637744980503,-0.4226752632784983,1.4110658714024533,0.9886992071509112,-0.5703052651513639,-0.4402799760696572,1.8221218114018902,-0.017429490239578408,-0.8635152705757767,0.49748139463959545
-2.2729594376597118,0.9944691662145121,0.007043951575550447,-1.3858254757242987,-0.4322016012442965,1.5529978314941248,0.9574403785210962,-0.4234728081755022,-0.8805434477464461,1.865107881553517,0.08400497792811701,-0.838630597998343,0.4702802532216686
-2.3955281529535064,0.8359672831145752,0.2674185223925778,-1.133003059398413,-0.26003827515145284,1.0408422541108702,0.977206407762528,-0.5877708840727792,0.6141677725632149,1.4308328337724245,-0.4569577220250631,-0.9135124753224116,0.24926439143149395
-1.8646774816893923,1.5977079245754784,0.4652358184635772,-0.3482309634210826,0.9174568030193244,0.2763538606590908,0.9307895001063782,0.643558201831169,-0.30244650512003646,0.7408393234804885,0.15218333786875296,-0.09340157297212978,-0.34657273265905797
-1.8488653529887495,1.5372383752046914,0.4948508894754526,-0.37834742261750215,0.9384931194542186,-0.03706412172119521,0.9998160885815882,0.3193188100578767,0.6697551675656381,0.6459163239765111,-0.07180699057033095,-0.14835257813246053,-0.28650643852670693
-1.8487969053584283,1.536976614284364,0.494979087358921,-0.3784777909129216,0.9385841815773467,-0.038420847219708884,1.000114891260198,0.3179152407824303,0.673963639552513,0.6455054207703698,-0.07277660114502041,-0.14859045034803595,-0.2862464232198899
-2.0931446093203157,1.581949738370382,0.14293795026152623,-0.4392574918298468,0.9842388144939713,-0.25751370626939407,0.5985291326031921,-0.10014509840802853,1.952594578607876,0.5725344063278894,-0.27209684959542746,0.3492357796620271,0.31254526456212894
-2.1652716397454266,1.559295620891614,0.2087216205045519,-0.21377668874936137,0.7274937288613677,0.02492960514000888,0.6563987086218493,0.8403656203182602,0.31204259079545094,1.0308611369136749,0.7255419364210658,0.9224034105144279,-0.24900407857332593
-2.2761094306290865,1.19060252188179,0.3151920187694637,-0.28457072351050844,0.9077142811109685,-0.2258035241968787,0.9997425577840803,0.890916715223732,1.0247349985483496,0.7145076698987367,0.38924090354815555,0.982156892714841,-0.2508700488703234
1.5229307821932305,-0.08276948778571439,-0.8664059979989052,-0.9048006125000484,-0.7599016743497555,-0.513133334428815,0.7883283767970577,1.3065898597975347,-0.541948010222272,0.4015497527087991,-0.18918569062084026,0.7205090271803533,-0.027803542439547822
1.5475840347239365,-0.17704971401454597,-0.8202320869339851,-0.9517562557253562,-0.7271032048202097,-1.001794463715691,0.8959501871952547,0.8010566860468991,0.9738462133929388,0.25355192635361057,-0.5384169823709518,0.6348329596070678,0.06584795419722764
1.383346621296537,0.03087964871737981,-0.5351342347185305,-0.6037676511232382,-0.9920528370413538,-0.691033378047148,-0.32792469490935255,1.9589720721490234,-0.1458623874179345,0.6598509254457968,-0.3758382849997308,0.07631742383413376,-0.47482979664905844
1.7142173951538728,-0.19556665296309855,-0.6407034428386963,-1.5766815332342525,-0.6931620628817026,-0.7138928072061689,0.11482320108616151,1.0517031264643701,0.597544101666652,1.1737808483507108,-0.7289867001831989,0.3624324837565901,-0.04903148441408811
0.6452423995794826,2.059599537298532,-2.698835460156174,-1.2792339745219927,0.6118943710417688,1.3234004767481662,0.20635895115537845,0.9332443481929483,-0.23076563483134505,0.7158335112710955,-0.621018521465392,0.5910523373352187,-0.29733300407549
0.22999717948075157,2.8212468393601697,0.0912095838156434,1.0339746550600708,0.9234883603343792,-1.205007604712587,-0.2308103399308962,-1.1204615004526337,-1.4711721703054128,0.5236246567102024,-0.930177211184586,-0.13326208237891504,0.3597274046143479
0.2764238276583342,2.6436996825386867,0.17816362451773893,0.9455484676733054,0.9852539632184134,-2.125247167391193,-0.028138504992752333,-2.072474252951929,1.383349562344054,0.2449172931815423,-1.587844522809731,-0.294606012211683,0.5360905469723086
1.386010103130314,2.2015113618275994,0.44254130567737343,0.4886698752914206,0.8866316200409939,-1.0229482753930124,0.1070872403377131,-0.8831930128577794,-1.5619551365705044,1.2070125058597194,-0.64306096342318,-0.7915258338597896,0.20177043672151623
-1.807858444850892,0.20227547446539942,-1.0621471662867787,0.8342802501183402,-1.1584494392318851,-1.7576775769425352,0.22542944048672012,0.894999485585025,-1.0615275204422079,-0.5667953557349421,-0.33824070094562425,0.12391042186842963,0.9218663633539965
-1.7583250553448806,0.012847358938207749,-0.969374404601644,0.7399368298135518,-1.092550655110619,-2.7394969950199908,0.4416635072556523,-0.12071929522946699,1.984010815555381,-0.8641530358124069,-1.0399172679787236,-0.04823019207957456,1.110031233484319
-1.3024978682149084,-0.7567720662800523,-1.6673552381521433,0.8304479588989095,-0.456045721086149,-1.2187832749167682,-0.13280004206156357,0.4721468322879672,-0.4221787192969967,-0.5363300590338885,-0.19859462093489835,-0.3932922752756459,0.5319289854609828
-2.4347203529064987,1.7530426194921769,-3.1157643533244332,0.033626169118253946,0.47151804709191253,0.40418123075564727,-0.18215802869178155,-0.32562837347442836,-0.9516900638731471,-0.7868737359705626,-0.5572587287526203,-0.1400322254452534,0.28434699425052523
-1.7716178247100858,-4.221306733462521,3.382471802865388,0.3538316296433204,3.4510910430638466,-0.5552799592867333,-1.4659298647348034,2.123569009281977,-0.47083327603229436,-1.7546811906471482,0.7574603505472378,2.6447524970233314,0.9569378684258693
-1.7200604974831875,-4.41847489489078,3.4790352660090327,0.2556333306601979,3.519682456061791,-1.5772165866883165,-1.2408604590431973,1.0663478888374818,2.699145967000026,-2.0641889260974877,0.027113230458035244,2.465578205684368,1.1527911681629788
-1.9860805339199303,1.8428984460754314,0.274490172160827,0.2146074870139791,4.846258927369252,0.06771263374545299,-2.340917855413634,0.0511091966072246,-0.8810067295181161,-1.3283262540118284,-0.5270584201723796,1.8875601357891942,1.2639272757231603
-1.9860602343877862,1.8428208155688475,0.2745281918416266,0.21456882365352312,4.846285933687613,0.06731026929925005,-2.3408292394228276,0.05069293968949056,-0.8797586218484256,-1.328448115686252,-0.5273459778414473,1.8874895899622075,1.2640043885326757
-1.4275352034048265,1.770055216278486,-0.45578301356482326,1.1763666951739569,3.3950304512276066,-0.2940869197257946,-0.8821109051448217,-0.7578270141165554,-1.1238326945137587,1.5026799445879302,-1.376405624389938,0.8146431470698637,-0.4156926837805263
0.14301448058048843,-0.01903632347980179,0.22763385400490263,2.4820984877407373,1.655326091915134,-1.611567527418102,-0.018936499556761334,0.0474483609536099,-1.2785529687980244,0.5244382376730639,-0.3147907661276978,-0.09368171737503259,0.02563810499280895
0.18049292705205794,-0.16236331076651986,0.2978285048759889,2.4107154295026434,1.7051870862436294,-2.3544415134734638,0.14467267351922414,-0.7210748985399473,1.0257925775318173,0.29944850838468406,-0.8457002782803681,-0.2239284630505013,0.16800928296667395
0.7673894460486675,-0.027603417869270844,0.5804136760353301,1.697679332589437,0.9758432833118715,-1.2181403420794146,-0.18873816252367082,-0.7049318349870043,-1.170125885738446,0.7908112658115397,-0.20980104568095612,0.0645016557597902,0.03099477843529693
0.767261132037354,-0.02711271288014563,0.5801733523806967,1.6979237249643802,0.9756725754839676,-1.2155969831618127,-0.18929830712040635,-0.7023006612992615,-1.1780152154289567,0.7915815574694735,-0.20798338418315185,0.06494757825582663,0.030507345826393667
-0.6991522683314825,2.324259657372556,-1.4195842608916098,1.1841344722614158,3.2287489025023355,-0.26106008129853076,0.14521259327345498,-0.29307657013028415,-0.7343536084539449,1.0254545666628894,-0.7277159886046676,0.621974723098176,-0.09677943828357308
1.064793835689227,-1.5164419234387103,-0.945287439060913,1.7052707938590685,1.5454168129656896,-0.8338609407712307,-1.9357699397262988,0.5081037078044454,-0.8987078177425941,1.5130981934098182,-1.226744124089524,-0.17559252499412117,-0.638113569477087
1.0890213287519621,-1.609093938586292,-0.8999109473135714,1.659126070395887,1.577648855857624,-1.3140829360264392,-1.830006748375634,0.011301046785529864,0.590908775095673,1.367656276289378,-1.5699442226415343,-0.2597889745371935,-0.5460794258176956
1.296365515147462,-2.1277779151062757,0.004859116856974941,2.6539130985389394,1.23304770670042,-1.0695252816045595,-1.687107237606547,-0.49088100417802755,-1.4278539456446,1.3095812582915558,-1.0599253992018045,-1.1128934397216583,-0.716233668179741
1.2706675150707012,-2.3108398368820215,0.35275150456108684,1.8406048860101265,1.3959068385186029,-0.6387075305114503,-1.8842402687152544,0.4876074318988925,-0.8754102427680429,1.8321108617562458,-1.1043838531154018,-0.8444571193368215,-0.952194008461017
-2.552923808822126,-3.738693745552907,-0.14693152281841765,1.2677762534307087,-2.893191283378762,0.6943664749786497,0.8373892922331369,1.333345434314158,-0.3828262711140764,0.05448810393091009,-0.6681969232058189,0.17461085933610937,-0.048894455271294546
-2.529310342013644,-3.8289975701690646,-0.10270506162465458,1.2228010307337953,-2.861776135594902,0.2263153185383714,0.9404720008753881,0.8491338356993627,1.069037191658074,-0.0872677052067698,-1.0026988923051687,0.09254830083989242,0.04080715731077018
-2.247224861176165,-3.117415157421563,-0.316119034487998,1.4871386131378617,-3.152367591251672,0.060586082553353404,0.08964883767635845,1.1371347369164673,-0.44187829133787904,-0.4734044012981457,0.10277217895637006,0.38656928879643304,0.06473633121595489
-2.7303448361984315,-2.866653582368888,0.3984480291532199,0.2944927347456785,-2.438298743572182,0.9262257416481947,0.7641383852651481,1.8292367289596663,0.5345774533867467,-0.6964015492108406,-0.8041961242173267,0.4432398867832983,0.19356178641324637
-2.469362600513844,-2.954987340055952,-0.38288552282990956,0.030853076417054717,-0.5619831301090537,2.6165259412743653,1.060140562213539,0.2404689797832619,-0.739027945245572,-1.723876588403494,-1.807621913927469,0.4394165779947801,0.7180461708904246
-1.1087701255419715,-1.273971037887706,0.17423026405735925,2.5659894086281168,-0.8664888793684309,0.08151469301429734,-0.9129575828770108,1.8355714376300643,0.25090593585326765,0.5853380695724673,0.7721022245477119,0.8827576172194473,-0.9385705329811235
-1.0868341103053303,-1.3578598666129935,0.2153149694281362,2.524209132214133,-0.837305398347315,-0.3532870827043552,-0.8171976554698913,1.3857572239392066,1.599632037750873,0.45365229829852716,0.4613625796509238,0.8065246122087575,-0.855241136399481
-1.2274773549829467,-1.5075203497515184,0.7582514193965185,2.8727092524407314,-0.4905621084115902,0.17810017816231258,-0.39742064061791027,2.24018214115601,0.10484793875390414,0.8688231497061344,1.0343573113520637,1.5809054814752797,-0.8602479457866208
2.420423260257883,-1.143456808667957,-0.10254096182106243,-0.5146998937392323,-0.8018962763042558,-1.0207595915608203,-1.8819157707999024,-0.019563288622552685,-1.2658655274108774,0.605783452552027,-1.160340533809838,-1.2795424929732728,-0.8205373139623593
2.431329791699971,-1.1851661227007109,-0.08211374994682695,-0.5354729417815735,-0.787386323155849,-1.2369419376612316,-1.8343041764473722,-0.24320978101388943,-0.5952823117071918,0.5403096192518074,-1.3148395014121788,-1.3174453507669337,-0.779106148180259
2.431221576186817,-1.1847522794137468,-0.08231643044401514,-0.5352668298691275,-0.78753029211923,-1.2347969584217393,-1.8347765826511513,-0.24099074189335995,-0.6019358942128058,0.5409592560778123,-1.3133065497905136,-1.3170692754557376,-0.7795172316571184
2.1319587174622505,-0.8968426972104314,-1.5502668676631417,-0.3570339282998428,0.5902571533163348,-1.542756756244922,-1.3771688109905076,-0.21668766290024705,-0.3290754147677127,0.7441356228447294,-0.46511997188680115,-0.5047687198959248,0.3750820431722891
2.8084883110020282,-2.8849227327510625,2.1025365530454394,0.5584724666213523,1.4062329941533875,2.352414921741417,0.9533044497117952,-0.9114572121746037,-0.6367749188870909,-0.18476142946214763,0.3810685790930471,-0.20244915455372983,0.20160370753079224
2.8414539793658156,-3.0109917237392287,2.1642790690615037,0.495684639317597,1.4500902283258008,1.698990360001291,1.0972134493814556,-1.5874426194550348,1.3901044805433491,-0.3826601552432563,-0.08591414181780452,-0.3170128952535265,0.3268319781638487
3.16678923964638,-2.291735948267297,1.5667052489893702,0.4399720845109948,1.434781183638164,2.37762717964052,1.1411143492018578,-0.7943518004886515,-0.769730115580671,0.1465770391658302,0.7011983883662534,0.4982802864490051,0.28935707363314694
3.424173036395573,-3.2317060693793715,2.3220477980918153,0.5244070960140205,1.2739841828965428,1.8823339107325008,1.7558726303091656,-1.5097379753153155,-0.3812093813531953,-0.06263420803177612,0.08826037683574918,0.26173450227395106,0.15960974145749968
0.9082304970453531,-2.535190602376907,-1.4686322557276112,-0.07202863615183752,-0.7580355406162369,0.42061592408203263,-0.39953040981807814,-0.10294510845810446,-0.6517419003432022,-0.6168314437152935,0.9912601760308472,0.4833032071743069,1.082264977621394
0.9082784784112372,-2.5353740951645087,-1.4685423898034966,-0.07212002352131774,-0.7579717066306413,0.4196648678914384,-0.3993209509868191,-0.10392900184685817,-0.6487917874865893,-0.6171194843236288,0.9905804850096832,0.48313646022111617,1.0824472467447122
0.9085952479356121,-2.5365855013423864,-1.467949101440091,-0.07272335635752965,-0.7575502792518336,0.41338606336810346,-0.39793811885747854,-0.11042459518916783,-0.6293153547251596,-0.6190211076897411,0.9860932138049309,0.48203560883683333,1.083650574379055
-1.999201854734821,0.5104240580712548,-1.625705658295461,-1.4997152410737353,0.2282339453384596,0.9426060700546629,-1.0584291545671196,-0.12083005391366829,0.8036269572194159,-1.9761294369601734,0.2986824945496969,-0.035697472598820536,-0.05599198612287908
4.158690622045027,-2.0918592381573933,-0.061345329234174496,-2.2924518825397846,-0.23080966302423234,-0.1353828077298479,-1.1310391967699984,-1.3792697029754524,-0.9924889282419644,0.4205782265918895,1.842590785973652,0.01785758121179692,-0.05752548310054114
4.191944557163655,-2.2190306335778645,0.0009370913435449654,-2.355788755081167,-0.18656892130597982,-0.7945212101804692,-0.9858717915412795,-2.061166233231631,1.052114423892194,0.22094898460105664,1.3715245563640572,-0.09770795679389511,0.06879784032474974
3.4585409757206245,-1.846089672435876,0.7923237263490787,-0.8168964861806803,0.3909178658235228,0.14271224406410224,-1.2220336852308138,-1.7029477278614984,-0.8421082705825623,0.2563286563424497,1.5070439641527045,-0.42217676264693993,0.3991515502949006
3.7464608101931685,-2.251089133021644,0.6216467737827013,-1.792338652565267,0.14699467966628468,-0.7443373647638526,-0.0733833372561664,-1.2932305930469272,-0.0958635608510558,0.2130672955697861,1.4261642970088841,-0.9448334282386572,0.1182132212606514
1.5981439159795943,-2.239553728588726,0.7968631578740609,-1.1547138948197613,2.155795167435819,1.1857079097186678,0.433978713811262,-1.0983407857029575,-0.9827570525400113,-1.2129570627899973,0.05433739291030488,0.0888030920286748,-0.2174118169554726
1.5986015717521829,-2.2413039191455644,0.7977203168601029,-1.155585565653089,2.1564040286355155,1.1766365473749247,0.43597657363620124,-1.1077253557475748,-0.9546182917160578,-1.2157044511712127,0.04785436530820782,0.08721262655768779,-0.21567329795097187
-0.8837668477937913,0.02897128523414466,0.48479514349419395,-2.2342118633879706,0.7266929312424266,0.19316757844505783,0.3528877484730358,0.846773604885166,-0.6505044274221345,1.5185291153014053,-0.7238824812620338,-0.8198568332627018,0.6688749549999
-0.8540468016217402,-0.0846856317646314,0.5404588238578462,-2.290817939318778,0.7662322183030946,-0.3959243195430082,0.4826282429643958,0.23734208072179927,1.176819340793152,1.3401144324046543,-1.1448885981064958,-0.9231412449623905,0.7817739244425729
-0.9010759782469235,-0.5033283863658964,0.5515536528802728,-2.759495384919251,0.6338062858175056,0.2995244713519712,0.5721827078652592,1.1095853219623293,-0.6939994177216041,1.5130117576492144,-0.5363652004176462,-0.3962156388049947,0.3762393386001978
-1.0220787615719873,-0.1090367939994913,0.4377927361409029,-3.2019842560896232,1.063523638320459,-0.3941563390344344,1.0252692854233358,0.7181090368512126,0.44585195543096817,1.4806544922568168,-0.7763263140342158,-0.8290569279104937,0.5975721662071581
1.6525152199547943,-1.6825013884840614,-0.33828539539438357,1.725034729542431,1.9754934269815276,0.13849441832463125,0.33236375574857124,0.6227331682105487,-0.19102757490433364,0.09546402099882137,1.9943706272498514,-0.3606882543048202,0.2795251171243068
1.7017365285534105,-1.8707360282816607,-0.24609714060322457,1.6312857119326556,2.040977021418625,-0.8371391300203577,0.5472354581721603,-0.38658616281994773,2.835322605853258,-0.20002018230782392,1.2971149137444715,-0.5317443109564997,0.4665044704952113
2.1910451363136456,-1.8891652085414354,-0.2745223688665484,1.78857701465748,1.6201442895213822,0.21239879165165923,0.03579174537591253,0.8203997173548826,0.49912200394565825,0.2945616486049909,2.100863902225982,-0.06407296581669145,-0.18686809286662492
2.6648520451316418,-1.3497196886519656,-0.04177924031399577,0.4138860094679569,1.7546363170683117,-0.09827756597563071,0.5701017092502196,-0.25078516046870153,0.7228243540746514,0.3815386165614402,1.7430146299053777,-0.08869135173550313,0.35791164577072965
-1.8619159243233918,-2.0200905072654494,1.852191524978829,2.3282668705831076,-1.540493845034467,-0.37297877344099073,-0.45087089580524103,0.7396037840089951,-0.7299237470437856,0.4859403406121584,-0.10267668410661687,-1.043120165519994,0.23814533025037274
-1.8309872030850873,-2.1383697011237017,1.9101189737822055,2.269358700228222,-1.4993465473357601,-0.9860282616934897,-0.315854026577877,0.10538748382001999,1.171714867919314,0.3002697679559361,-0.5408045642627581,-1.150605017973757,0.3556357518254243
-0.2641747832450947,-1.536311419043866,0.9910455552209043,2.4143991480338003,-0.9261889292126594,0.644893500652007,-0.16627355053351492,0.5869581940561018,0.29297562148827505,-0.8473989149911384,-0.8212046126825613,-0.4841250201977865,0.2397849609987283
-1.5712269220941895,-1.9449425155873743,0.80189673971377,2.5500185370621495,0.16456153633121906,1.8457255483627883,0.6179137864710701,0.2079622550595556,-0.6634848750342759,-1.5340365310730302,-1.1697008133837472,-1.0146227182654128,0.3450910588321398
-0.4380868517856912,-1.4329720838991977,0.9082746959348993,-1.8058877520584766,-1.0046406141650719,-0.6787987660230526,0.6327586658844728,-0.7403933585631973,-1.58168015576512,-0.8510224912141202,-0.49829596949505595,0.2817256848752368,-0.38879962393574513
-0.41921329106143085,-1.5051493178203847,0.9436236265993198,-1.8418351461256792,-0.9795313955920786,-1.0528985115107699,0.7151496920290076,-1.12740967785117,-0.421247702106007,-0.9643238075128185,-0.7656537140136812,0.21613545648868895,-0.3171037206673809
-0.1129987839624329,-1.4070272749598305,1.1240307009137123,-1.6331871029703418,-1.0272386922148855,-1.4316319591124056,0.27707306390487585,-2.0607071544083553,0.9490375279185852,-1.1246016663033782,-1.204786714097263,0.006794389539158188,-0.48988645103227046
-0.2831616948790193,-1.45484041046792,0.8113680123446976,-1.1658116957464983,-1.2522228283918841,-0.7402197986303897,-0.5728982613837734,-0.4533348624892737,-1.5734613938866087,-0.4297822786600754,-0.39764333125632123,0.14078325416789128,-0.7639031983806964
0.028981735384807455,-1.5864748233646553,0.8941423874235876,-1.7467065260559171,-0.3889794392513537,-1.1099689691270134,1.0071019435051418,-1.621800982478684,-0.36994558131690847,-0.6502845587952523,-0.8848003177105631,0.07328300935688017,-0.08174014902519404
2.246124729972879,-0.5107434046139552,1.3001340674219084,3.648973016915956,-0.21236362746059662,0.7361182591398523,2.430816578312534,-1.0945851842763947,-0.7327704925842751,0.38406821240379097,0.8983242531851309,0.6126807629215651,-0.7999305752390212
2.2835230138663327,-0.6537638300792499,1.3701785790873042,3.577742639765817,-0.16260928071835612,-0.005166795154894062,2.5940758080383577,-1.8614646508269992,1.5666462934245355,0.15955971322090573,0.36855030238163566,0.4827126017635318,-0.6578639147078522
0.22428471136676373,-1.9803174857615626,-0.1516995847228555,-0.8919634412638905,0.5467296172726634,-0.5829215329660431,0.8816249655415077,-0.46422254604691576,-1.3913754016771245,-1.3389601658937624,0.1925389766314547,-0.015168684009653464,-0.34332630552381355
0.27035517798393965,-2.156502514886027,-0.065412648520367,-0.9797112299585136,0.6080213593530802,-1.4961010907498504,1.082741918246012,-1.4089315322606235,1.4412466667738664,-1.6155293086476046,-0.46008276357128025,-0.17527479601697418,-0.16831620719787094
-0.5040227002295032,-1.3939717597905208,0.5766680900797594,-0.9888230647749088,0.638320632739602,-1.1508493169996912,1.3143040280201403,-0.6993644215222632,-0.1718672075725914,-0.861657743023399,-0.33599191312503396,-0.4253658473308579,-0.08311222997806766
-0.5040781012682912,-1.3937598923112202,0.5765643275991409,-0.9887175455778616,0.6382469276866752,-1.149751192760543,1.3140621791977636,-0.6982283822539073,-0.1752735157046535,-0.8613251608090144,-0.33520711702901657,-0.42517331520403534,-0.083322684569861
0.004915806476586796,-1.4491834252806757,0.11677558523194323,-1.3325355774152996,0.418183559043902,-1.1817894715008164,0.1412500354094729,-0.14174974701649842,-1.0675659077100048,-1.096997603240361,0.36899087391057567,-0.5115690209882349,-0.4790363690889085
-1.524530704189552,0.8260543404362883,0.3359445062762291,0.6768520125260329,-0.513554242006238,-1.5844671255186655,0.7202542866119479,-0.7734166280226448,-1.3058960435886102,-0.4882002108818293,0.8896724251573687,-0.14369178152958442,-0.3776086799137109
-1.524414928043597,0.8256115833915962,0.33616134733848274,0.6766315003077488,-0.5134002144437237,-1.586761966824347,0.7207596981560467,-0.7757907035096966,-1.2987775989512367,-0.48889523552102365,0.8880323716611676,-0.14409413188444575,-0.37716887549723405
-1.5244711910683668,0.8258267473216695,0.336055970415145,0.6767386612803047,-0.5134750662751908,-1.585646756845998,0.7205140864025211,-0.7746369885813664,-1.3022369059064798,-0.4885574786526472,0.8888293784169119,-0.14389860414602537,-0.377382604556652
-1.8260734683703141,0.5411221657203283,-0.08382419380066006,1.3339960849819514,-0.6309283493419723,-1.219376173176156,-0.2047400472337267,0.01392624992219525,-0.8055185282898482,-1.0848928558536017,1.3107453664407311,-0.01252337629926094,-0.3699592375311807
-1.452598435388689,0.689818571667227,0.31778933564266704,0.36023378988312765,-0.5671974709113343,-1.7829091334850218,0.23646757175470523,-0.7990419656417966,-0.20340521358203248,-1.2727283375520293,0.5460257072263667,-0.201396175341955,-0.19882806843517534
-1.776518585353373,-1.4906615750673982,-0.7744271039765496,1.96933604447572,-1.425931961671033,-1.0494786377719172,0.8306385372772299,0.7545602673576574,-0.569484506652171,1.0843346959799747,0.8564218460966709,-0.17286710628360205,-0.16547456393868235
-1.7735215749020572,-1.5021228953539718,-0.7688139016671452,1.9636278096973996,-1.4219447654240156,-1.108883477348374,0.843721747703569,0.693104351821549,-0.3852146572860288,1.0663431132544885,0.8139670085454015,-0.1832824488281587,-0.15408967612916583
-1.7736950940208893,-1.5014593146861415,-0.7691388914976368,1.9639583016609445,-1.4221756137278945,-1.1054440914719772,0.8429642638103525,0.6966624896672692,-0.39588340282720635,1.0673847791517663,0.8164250333410181,-0.1826794275541179,-0.15474883155514785
-1.8228770859615933,-1.7144037296406154,-0.49325314857344593,1.8565695764976435,-1.3052743861808855,-1.052384037996417,0.8068664304179763,0.7732173066577767,-0.22541074265710676,0.5480820386277985,0.5881840102406363,0.1510767363789159,-0.0464130586032866
-1.630023912757957,-2.4693191032252755,-0.4108709769563677,1.5265194559483501,-1.3627337988225734,-0.8474450002327101,1.1008566679430254,0.21685836931331362,0.26397695182053793,0.45940065024920423,0.17145950837978977,0.4306948413479439,0.02165945263128219
-0.4298039954739193,-0.8936738048355579,-0.9507853377764888,0.5255721074604359,-1.4794989168922874,-0.4455278740741327,-0.17886814635639733,0.23343713684958078,-0.8449077383567981,0.9450441116143693,-0.5702007399355586,0.3758361374916403,1.2815179507779952
-0.4311034191701424,-0.8887044824350174,-0.9532190723967109,0.5280470456213284,-1.481227658706515,-0.41977152204603235,-0.18454067700879984,0.260082780639595,-0.9248022240969859,0.952844781417103,-0.5517934561340605,0.3803519518761836,1.2765817674583697
-0.42592676863788603,0.04601716267325905,-1.6749133062320005,0.0022638353927311727,-1.1710672762180738,-0.28197380608305345,-0.6867814186203731,0.4614254227029858,-0.9725628308928592,0.8244244666568985,-0.507551488003518,0.13598842455695195,1.2264109564164767
-0.40061279047564996,-0.30348176838900587,-1.0927421599835514,-0.17753777121484943,-1.2231504578703165,-0.3326403982689786,0.2720684120421456,-0.24884960052878935,0.2740820040801117,1.1260216280813031,-0.7707148228739779,0.2032043522115862,1.3544401995527044
-0.679725727797379,1.2877949702433653,1.1090530460846644,2.037360289513701,-0.3745123179072186,0.27552412466144904,1.867282082450491,0.36134705894254737,0.09225649972925248,-0.183373987800559,2.912928586508298,-0.5254689072958548,-0.40186441877397905
-0.6266755262385723,1.0849176826230034,1.2084125640915286,1.9363185979834079,-0.3039347980771008,-0.7760033105252424,2.0988685121370803,-0.7264865536297364,3.3540244544567948,-0.5018437113645862,2.161433813357753,-0.7098313011774631,-0.20034006547913966
-0.09137553319611504,-0.9579990870491952,-1.9391491382514214,0.39622929136181606,-0.23861298127197114,-0.6799137612627814,-0.04642240939017823,-0.33909577084273224,-0.8582798346672704,0.6988332969140371,0.7071356256358728,-0.5572815004317321,0.17386567159684088
-0.08775489879194173,-0.9718453018759079,-1.9323679295338834,0.3893332756283996,-0.23379612122338334,-0.7516796791462169,-0.030616818266580893,-0.4133395566901676,-0.6356667450218836,0.6770979895270276,0.6558467002354834,-0.5698640883674925,0.1876195497231897
0.6887344783710888,-1.4059425950660551,-0.8059635513085871,1.044558115423845,-0.31911909700795027,0.3572238761720082,-0.5948752875172909,0.6751015362672022,-0.25426787117704025,0.06903465574162383,0.8108255433378752,-0.09984103610638255,0.4951822566647407
0.7156345726715455,-1.5088153082330165,-0.7555814542477539,0.9933230408986414,-0.2833314490229004,-0.17597272506396958,-0.4774450683244449,0.12349521053132928,1.3996724153855982,-0.09245135833536754,0.4297661002056737,-0.19332542702572114,0.5973689392442679
0.0784220245859924,-1.4773913365201627,-0.24695111362411806,3.0856647267382904,0.12545407246116624,0.3160779998885337,0.05555674602161388,0.979679971516593,-0.9316758408298154,0.2942081366378295,-0.1326843061048765,-0.25963254747190345,0.6564649213022871
0.07825214336663383,-1.4767416680931182,-0.2472692899095592,3.0859882898023097,0.12522806398663194,0.3194452776297968,0.05481514308880615,0.9831635115434513,-0.9421209117462669,0.29522796358246167,-0.13027781480695227,-0.2590421687861269,0.6558195853400811
0.18861855978519845,-0.9567634655483422,-0.8282012017737633,2.4744247294612745,-0.10653799037793683,-0.056948175870233035,0.6119931151673339,1.6837397342585867,-0.9627231075619441,-0.21845341412149763,0.30830581994012685,-0.5606715387191614,0.21735077444542403
1.3604957145919523,0.5874826002898444,-1.6011871225595384,-0.6292843947083535,-1.6138609832058912,-0.18691401946740172,-0.8694503322446944,-0.32786650901197334,-0.46057940857098895,1.1056769728338072,0.9828749734301249,1.1605987765346137,0.4710785712453501
1.3933464626125969,0.4618530935415916,-1.5396598447436767,-0.6918533397926027,-1.5701566380434866,-0.8380607030821775,-0.7260430081801194,-1.0014953896748569,1.559234164875821,0.9084681341565608,0.5175201829448555,1.0464344120661044,0.5958702884412496
1.8527426802100324,-0.049787639358724274,-0.9000270611474885,-0.21128211860275484,-1.983074518688741,0.6923228211508399,-1.457069276534458,0.17557098860519063,-0.27808933277053705,0.43210510969774213,0.6070961361933613,1.0178809317166284,-0.12966997072424474
1.8524737588262863,-0.04875921648163023,-0.9005307331088692,-0.2107699193894822,-1.9834322893236567,0.6976532101900587,-1.4582432314167801,0.18108542044112233,-0.29462384397068264,0.433719492230241,0.6109056036097971,1.0188154991379876,-0.13069153532445676
0.9903433114105383,-0.40730109741792286,-0.9352403502430323,-0.3872788795739085,-1.8615073213519673,0.16844099485409003,-0.5338731577322545,0.08730734284458735,0.8474961050213156,1.0169001917823817,0.5898691374159886,0.7358500098473367,-0.36477020197264015
0.9431421180080005,-2.098959212895849,-2.789107076319596,0.7788131496160662,0.21413624378759158,-0.551238219629183,1.311530213692531,-0.24220515720503644,-0.974459676496512,0.1309540389844144,1.1264773117950366,-0.7581886828067763,0.7632424548793312
0.991456013887762,-2.2837236786744226,-2.698618345521362,0.6867924292292057,0.27841262435410513,-1.5088856088102829,1.5224406781634456,-1.2329173194210745,1.9960986384226131,-0.1590828056083944,0.44207576086156963,-0.9260912588651495,0.9467747758928563
1.1175282374434663,-1.927259055691004,-2.8803814201445532,0.3649782563004734,-0.3644281090370036,-0.46561106335154284,0.2869160162248877,-0.6659775708424192,-0.23575722881026456,0.21132652733855908,0.677291286308732,-0.646808420498513,1.1361112471752621
1.1174233888483136,-1.9268580883436557,-2.880577794627061,0.36517795543633874,-0.36456759868239785,-0.46353282102438903,0.28645830803348554,-0.6638275728652888,-0.24220379786594037,0.2119559519615222,0.6787765430827686,-0.6464440460488513,1.1357129537718234
0.7376855909819383,-2.352842759786247,-3.4749406527388875,1.085861661358061,-0.007629269487248424,-0.21892135318426376,0.5244209701151407,0.1805688697007019,-1.2933097021819915,-0.13553696053691308,0.73743348390331,-0.5826554189391004,1.3242706963387096
2.363965496000005,-0.15669207894434423,-2.6637900668131063,-0.08037758345029258,0.3309709551094944,1.0491036249637178,1.036399393224505,-0.22907419728016065,-0.27445454211473774,1.5956814218906763,0.13287111845848956,1.0404843713541816,-0.1313934913422369
2.3893071270442396,-0.25360483740825085,-2.616326868331725,-0.1286443419471025,0.364685237336478,0.5467978935547217,1.1470262651971486,-0.748723081493436,1.283664327028183,1.4435511378167776,-0.22611155669197194,0.9524160204922061,-0.035127018123193327
2.524472527664679,-0.854669079515801,-2.359614719471938,-1.2623730844681231,1.3056167384274708,0.679855909474931,1.2919553090767046,-0.9136500813204732,0.7257852118194664,2.026066986849957,0.5274776946440941,-0.0993058185232117,-0.095983932661244
2.5242664047365873,-0.8538808136970334,-2.360000774080282,-1.2619804938896606,1.305342514303578,0.6839415473714958,1.2910554958509186,-0.909423378255999,0.7131118356243223,2.0273043791689416,0.5303975761626483,-0.09858949105714765,-0.09676694174626702
2.5894191095770784,-1.0277348891722287,-2.9966404863345697,-1.448453018875659,1.2539859478718294,1.2716589482152574,0.8417395735915028,-0.5339708552131246,-0.22550793711809938,1.9589618366187374,1.530501171092255,1.3925477014797967,0.32049318835505036
0.0774316166296318,2.30629160928626,-0.0020100501288882965,0.4822699132736862,1.59059359147872,0.5082668472710044,1.9089425613360218,-0.29003407229280764,-0.7790307365351294,0.024524314667012923,0.2629252333055008,-0.6501767774585814,1.563884711234866
0.11182469844733874,2.174763830935657,0.06240591685645673,0.4167633730214566,1.6363498439091144,-0.17345099826535448,2.059082820751478,-0.9952896479907886,1.3356125417371205,-0.18194342602306485,-0.2242778396158134,-0.7697011281785237,1.694535366038632
8.423839284249524,0.37419319131739315,-0.36440648784416074,-1.118353795190566,0.7916288217286552,0.3096756563673083,0.8101281285188598,2.009601499360294,-0.6271168748034788,-0.5770823874161477,-1.3615203017692168,-0.25128173102477463,-0.09660306783231294
8.454330098731116,0.25758866282179593,-0.30729920942657707,-1.1764279095356598,0.8321935321440441,-0.29469392200348804,0.9432333506771695,1.3843648010413718,1.2475972387584433,-0.7601241285192535,-1.793444913528125,-0.35724475065618905,0.01922385627511708
0.43036990551249316,0.45104988907785304,0.03888350203519511,-1.6229076268924683,0.2519347826322085,0.02444793614365866,0.679398642896479,0.03767227060690381,-0.03662318371825342,-0.15240234562491425,-0.31051709260304083,-0.3644164293571139,1.0331213727229007
0.42985657904482244,0.4530129783473504,0.037922075520134935,-1.621929923263139,0.25125185763123203,0.03462276768251399,0.6771577570860887,0.04819840942159128,-0.06818483237109826,-0.14932075623498597,-0.3032454490269704,-0.3626324946378905,1.0311713747702675
-0.07183020488372767,-0.655663986316738,1.0995969957086271,-2.0326782081759633,1.795433063775674,1.6182471481069505,0.3667819020155156,1.3768301851973845,-0.4559987481130768,-1.1898698588960852,0.37037333449349497,0.27468084017224315,2.7674266581974827
0.4848585540285982,0.2588694969324738,0.07554510310884284,-1.2922770538217063,0.41461632836978213,0.7354096484341031,1.073113530854446,-0.0846282414207729,0.18315307935320294,0.04163572359108049,-0.36194572608318987,-0.2957796692615566,1.074413068005571
0.24810128463666212,0.6936656698508776,-0.8747029318204685,-3.2815205731809325,1.1393739932106972,0.2785035798980692,0.921371078376912,1.2472573144116075,-0.30502778158837607,1.2970480700428608,0.21707157332422636,-0.8431788775203812,0.17583641726489524
0.24997871805197994,0.6864858931903631,-0.8711866232343612,-3.2850964134689087,1.1418717140525765,0.24129028596261548,0.929566864422056,1.208759153904429,-0.18959462636407204,1.2857775058750067,0.1904763605428849,-0.8497034167046034,0.18296831391672305
0.25053756315365167,0.6843487292381883,-0.8701399433290822,-3.2861608138428395,1.1426151966423923,0.23021321294195768,0.9320064582038164,1.1972996218393912,-0.15523428482477222,1.28242266009092,0.1825599123378475,-0.8516455397828542,0.18509122569457073
0.14634610463372025,0.8979656726065003,-0.6874865546565344,-2.928029964246919,0.8546640622748222,-0.04328075357043118,0.5572482091590969,0.3229337996748253,0.7586483897577618,0.7000550498172946,0.5611404729098474,-0.5943864262129208,0.3163600796296691
0.007040255748648319,-0.5392919354255372,-1.5353537400569182,-2.4480769996347833,1.5726168719558524,0.5326804922460235,0.47200353568274656,-0.053315477041887646,0.19450228954136894,-0.7310094568562051,-0.42085231093312786,-0.005213797173290118,-0.05033565961139599
0.007475827192745178,-0.5409576699665323,-1.5345379435571622,-2.4489066077079036,1.5731963523598826,0.5240468714492389,0.47390498813057574,-0.06224719159984207,0.22128320528915604,-0.7336242691154976,-0.4270224979249637,-0.006727514214518492,-0.04868103340817572
-0.7256677332307414,-0.9188960432992651,-1.9933238818985146,-2.1595253541852557,1.0776940225101113,0.4649503754373767,0.7069237510506422,-0.34408928673085043,2.1341475597323694,-1.0265141166918628,-0.2506514619358817,-0.009819778811525839,0.025995246516435113
-2.0952727704774605,1.808828939679647,-3.7325175577015712,-1.1744676385030006,0.29811990724394394,1.944972319716548,-0.7000346272963486,-0.031766039479515173,0.4035119850848123,-0.23854565907216493,0.3155010066792078,0.3807935680765909,-0.15155281966435344
1.0835736745685394,0.33347433636952023,1.5443408806151508,-0.004066147905922635,-0.3327509000436304,2.146627788600294,0.8113897490771936,-0.3601575370977869,-0.14966039912775866,1.4396111675679057,0.15260742803525745,0.24882807645120616,0.8634883863205665
1.085948353200738,0.32439296917930505,1.5487884965974366,-0.0085890627825456,-0.3295916485548616,2.099558415475664,0.8217562195132061,-0.4088520784804259,-0.003654343774792707,1.4253555525970312,0.11896837431684287,0.24057548881784344,0.8725091923038648
1.085948353200738,0.32439296917930505,1.5487884965974366,-0.0085890627825456,-0.3295916485548616,2.099558415475664,0.8217562195132061,-0.4088520784804259,-0.003654343774792707,1.4253555525970312,0.11896837431684287,0.24057548881784344,0.8725091923038648
1.0080712266383813,1.854726250512313,3.0712006315835696,-0.4745832297514185,-1.0077949268593587,0.932469555749943,-0.31800014669506316,-0.6467917755468219,-0.05070667845407311,1.4767950332510928,0.5211796864494515,0.6674199364320536,0.41609491479395627
1.6015380410761586,3.3016732472469017,-0.14958799912391368,0.7753430124125902,0.032195135327666845,1.7185849069612333,-0.02526352152567208,-0.6555734720513767,0.5578312226683918,0.92015779305863,-0.98930202134989,1.2735517758523125,0.3404914306466557
1.1509889911340385,1.9926775797698921,-0.016739122404931334,1.6046239547928045,0.586469068295793,2.6473410918328635,-0.4493657265713316,-0.38704098226828676,-0.2796486911265412,-0.04556973868621059,-0.8557430375191817,0.20470270649192807,0.1450737992326529
-0.6270740659518972,0.6214234279932453,0.7031285585681081,0.05340745075574936,0.8608099887283672,-2.29719727446601,3.190774556375753,1.8510329702449326,-0.8433292825655444,-0.9491821706143505,1.312925227545318,0.21083806085509943,-0.6224718059871013
-0.6264814508581992,0.6191571191144929,0.7042384874344132,0.05227873060513409,0.8615983986174556,-2.3089437148417056,3.1933615703680704,1.8388809595211333,-0.8068926081455762,-0.9527397436211308,1.3045304027884228,0.20877857881517878,-0.6202206105156222
-0.5816274936885246,2.6678378753601644,-0.8657818964290227,0.5851443430104368,1.6640425300280361,-0.639890815459686,1.477217278798768,0.0022235508342309473,-0.6092741052929997,-2.0941497825538558,0.4711549198717219,0.2012012220236227,-0.2773072789919625
-0.7741214393972536,2.595155212389646,-0.49256955715486045,0.3376447498287379,1.8649332354963044,-0.757015163963245,1.7339798426560369,0.7173513903136217,-0.2535465039421583,-2.278883893806017,-0.006622332267000016,0.26241720643968275,-0.19102326677751058
0.7488632155850933,-1.2517786200143548,0.28479858316191775,-1.0085808964754763,0.024970119744669474,0.5954727773180369,0.537608339978759,0.14855793029499864,-0.46207808046211435,-0.5471161174777018,1.1947475242182122,0.7975981207808791,0.3230787343754038
0.7467365146896686,-1.2436455819378593,0.28081541307575114,-1.0045302906429145,0.022140775647773416,0.6376268930850821,0.5283243966022821,0.19216750481029743,-0.5928373353972093,-0.534349156629901,1.2248737925452893,0.8049889252760515,0.314999933352812
0.14061150424294247,1.850401324430295,-1.7650399899688958,0.5748070488283695,0.6030032780392949,1.424000150145355,0.02511026989044825,-0.8494516485930292,-0.541174539685648,-1.259657022806,0.7929054660677045,0.5653050671054805,-0.3459206667747938
0.014916786832925865,-0.13661029723788526,-0.7521613984930594,-0.22258724701806779,0.3883366043344176,-0.01360088450175087,0.711350612705531,0.1787935208414797,-0.3031736679007551,-0.9100006127909908,2.1683044224400874,0.5154285054296905,-0.2736095224836035
0.8542711698382827,1.8574771493293765,-1.9112691868251233,-1.0047135835773275,0.35799661356371176,1.1530489847793404,-0.8175969444149992,-1.0434108269361295,-0.4882953272404533,-0.8031860049595879,0.8482460124743483,0.853368523212221,-0.197983809388845
-0.3830331254622209,1.1803593275099298,-1.8233865196176653,-0.6739096003985007,0.31148337077051513,0.9830168133962423,-1.0929205471540704,-0.08845670767508146,-0.4121416943855799,-0.47824589068302664,1.1713697630131872,0.6942086963075077,-0.7416807240610527
-0.6987857856388161,1.183543258826219,-1.9691083653602817,-1.6108557639224474,1.1625996953277533,1.439260156119968,-0.7683932043294129,-1.3907099586429494,-0.1344476585972102,-0.26326477744086857,0.9273049269328746,0.5324542530546892,-0.26823038803794325
-0.8961299624698121,1.1676489783968997,0.39186195784972566,-0.31304361603342723,-0.21843002802929434,0.05278894536284014,1.3214312536866317,-0.0019429876165702913,-0.8588002342947297,1.3722976026460554,-1.0628607351390225,0.4291584058197839,0.29860112992838733
-0.8415041634060856,0.9587462104053623,0.49417246575034335,-0.4170862582178192,-0.1457563471879034,-1.0299689838569064,1.5598958287914428,-1.1220853921514375,2.49984262948285,1.0443692891597316,-1.8366749953931858,0.2393204261860863,0.5061107812786906
-0.4037790269265185,0.36497467742983136,0.3517408919192966,0.20344882458277463,-0.21201569301454623,0.6111339857111825,1.579661800848233,-0.364653216698064,-0.592291193232814,0.9849344192393125,-1.3931368008232472,0.7540070240962831,0.8395919917848036
-0.4037723879065178,0.36494928815079714,0.35175332636455653,0.2034361796202436,-0.2120068605209461,0.6110023912691567,1.579690782961277,-0.3647893547126066,-0.5918829960525435,0.9848945640304305,-1.3932308473807111,0.7539839518819579,0.8396172117495321
-0.6907266891481495,0.8725555297283651,0.11791609173394642,-0.43568921035204045,-0.13798534149990171,-0.009055692447231027,1.30417173919863,-0.382589281886769,0.28741008764422254,1.1851074145325744,-1.5317835372553332,0.9181485585206683,0.5961016203229719
-1.0913652458598901,2.1236590757462803,-0.3776064843371004,1.2661538143624822,0.046427465752980034,0.9435116563821963,0.6921348531401746,-1.0027647640544026,-1.0422029627498255,0.0655185624424175,-1.7663446141009602,0.13857078131686468,0.5013819007700452
-1.7123279808030376,1.7606824181212903,0.671746166263735,-1.4603832064746738,-1.1744707689811016,-0.6208154407116416,-0.14907967277711434,0.42328154100343346,-0.41691814896964946,1.0287564072382802,0.6674422624613173,0.14177545504279862,-0.21958779970951597
-1.719775372466025,1.7891631133125896,0.6577976943578838,-1.4461985845692755,-1.1843787131044523,-0.47319796850409646,-0.18159066792945217,0.5759958142566197,-0.8748176999394902,1.073464413890347,0.7729399937401692,0.16765695812512468,-0.2478785647682163
-0.23351441579592688,2.2820710605104946,-1.2289659915289781,-1.1951869624319131,0.3211174337772679,0.43124344645248563,-0.9249641851802856,-0.5809439066557686,1.7082401875099207,0.7173622400924016,0.7729789399915676,0.07753780466272488,-1.2583438695664604
-3.0212829892708517,2.755673311547685,-1.1554804996051162,-1.1515082503642318,-0.21521138511604623,0.5464813144761953,-0.8232695397560316,0.2795899576180562,1.0148191416121406,0.48086184601057647,-0.12268328246837588,-0.07025239376168839,-1.2437363855126446
-2.109084342872106,-0.37053702228990704,-3.4315933439443262,-1.208540140111556,-0.8066979197554561,-1.7727078614796754,1.2322102285720096,0.9048514568505645,-1.0861326344053912,-0.5605867418508356,-0.2123998426666665,-0.31563409762901806,-0.6485268770126629
-2.0645945171866384,-0.540677283713137,-3.3482668436403205,-1.293277372224886,-0.7475090484167886,-2.6545569576246604,1.426427019180335,-0.007445318204747518,1.649304432151486,-0.8276670181011827,-0.8426306519491935,-0.4702470967456384,-0.4795212354502011
-2.167175122804318,-0.523354197230843,-3.2179529568669816,-1.947349600814428,-0.20492599469872605,-2.2146437217484096,1.331521703983189,0.24418434890900842,-0.6785314565896681,-0.757711603293447,0.2899224597493271,0.2943547699713432,-0.21543603702487696
-2.1670481094531495,-0.523839928169077,-3.217715069262755,-1.947591515896217,-0.20475701725759687,-2.217161299805879,1.3320761706516533,0.24157984621935313,-0.6707220974074017,-0.7584740868589576,0.28812322305052324,0.2939133675866527,-0.21495354529625096
-2.26732131288472,-0.47012359161507283,-2.715860343951751,-1.8023177326321793,-0.36056351264059616,-1.5787108072456735,1.4110679278236797,0.8616534988726656,-1.3842541629186067,-1.0860721922213672,-0.06759402033590124,-0.22517363379308317,-0.7424074648735384
-1.6872010536440722,-0.8829064116913604,-3.4419755777384635,-1.6122653672725946,0.2121261905349093,-1.6939012723258482,1.4813178564702927,0.7070545376965371,-0.4551356719380014,-0.8570556797974768,-0.069866745159173,-0.42268587048656164,-0.34799239647617003
-0.3432260524918084,0.9275471806950514,0.10849747144600463,-0.7123942791468714,0.06393919747632346,0.3964060333488231,1.129755693085667,2.9478216213812694,0.6295290949594055,0.7827130718105695,0.8286084654462025,-0.10334008564096732,-0.45052803326136465
-0.31127867665168685,0.8053723959329726,0.1683327929299368,-0.7732426227909872,0.10644170426467117,-0.2368345800891738,1.2692194178458438,2.2927170553064498,2.5937992332628887,0.5909273357823801,0.37605060036224425,-0.21436501137270517,-0.32916799943546377
-0.6023346847206708,3.3597953810967733,-0.7444963294509302,-1.1162401798640704,0.15518740748348145,1.3236244814951579,0.5392112254389381,2.639558883633754,0.6578708684019102,-0.003124982248060497,0.5221618869783115,0.4985696964407824,-0.10313909515496561
-0.6023456662389091,3.359837377179138,-0.7445168971081131,-1.1162192639929565,0.1551727977685614,1.3238421501819528,0.5391632864956992,2.6397840677858517,0.657195674656528,-0.003059058255787407,0.5223174481885391,0.49860785989598844,-0.10318081117669846
-0.5064421162599281,2.653508207291498,-1.214498842966352,-1.7348365680455629,0.6687472042516512,1.5732166324451216,0.10034611829036988,2.131341519255737,1.1357506702966909,0.26482306075444273,0.4890143671598838,-0.06103188191185709,-0.20100695833266197
-5.911424836894831,0.9233506955308635,0.06889387982953718,-0.2639004758031164,-0.8446335072819128,1.1900045882219281,-0.3337733199638103,-0.2070355934646613,-0.6107142892020087,0.5300604890863972,-1.5214091813660962,-0.6044902366619178,-0.49765606748755603
-5.912705123584775,0.9282468332155475,0.06649598755607686,-0.2614619868060068,-0.8463367893919259,1.2153816186538946,-0.3393623095394781,-0.1807823681398634,-0.6894321446561922,0.5377462760626633,-1.5032729872074346,-0.6000409280433432,-0.5025195541406052
-5.701398595300362,2.460954420403898,0.24685376171865872,0.1939466267619249,-1.0762627853152003,0.8321949733613996,-1.1691578580367394,-0.10465485514812262,0.17029079504117886,0.1379862138339207,-0.9871442037243651,-0.3739294161261419,-1.0535860563095294
-5.701239494130422,2.460345977591878,0.24715174768468848,0.1936435958428553,-1.0760511185232466,0.8290413709198172,-1.1684633145510839,-0.10791734229001458,0.18007305943267082,0.13703110142867642,-0.9893979877647434,-0.37448233151001653,-1.0529816710397566
-3.4170363124187166,-3.450836774519032,-0.23544437038645383,-0.5612864785543341,1.5117656682408076,0.6248755745496594,0.19456000914296043,-0.6002822557036895,-1.3568495720775504,-1.9130915585281676,-0.38872618999577463,-1.816711254389659,-0.13990497569662066
-3.4165798113135804,-3.452582549337682,-0.2345893740161641,-0.5621559501584573,1.5123729932811185,0.6158270992915305,0.19655282835909954,-0.6096431484383369,-1.3287818054663347,-1.9158320152368606,-0.3951928608917733,-1.8182977071095263,-0.1381708429829316
-3.4165811455098485,-3.4525774470362367,-0.2345918728775116,-0.5621534089909626,1.5123712182781812,0.6158535448834214,0.19654700403155276,-0.6096157897572404,-1.3288638379281494,-1.9158240058211695,-0.3951739610291412,-1.8182930704519693,-0.13817591125849438
-1.8544683620079108,-1.3383315546666832,-0.5008109464511795,-0.7061804206816573,1.5790321995780296,2.311583134229985,0.32788003976007385,-2.0035719840827664,-1.0565346836381604,-0.311681164194519,-0.782240584013446,-0.7720676471515587,-0.26281060768634146
-1.8560891965098578,-1.332133076663315,-0.5038466622477317,-0.7030933097008284,1.5768758556652607,2.343710287315447,0.32080441583426,-1.970335574044244,-1.1561909692510794,-0.3019510085945278,-0.7592802818738775,-0.766434851797641,-0.268967749699096
-2.1596407710887715,-0.12504916796159518,0.013680357717233456,-1.2501250118480016,0.23696996138216977,1.5076306681808511,-0.07592730072038398,-0.1387122890026849,-0.0955823271750097,-0.6029247700919542,-1.5615318221168721,0.2865169492966481,-1.0889787029020408
-2.1595981044626122,-0.12521233585036365,0.013760269485437746,-1.2502062765360207,0.2370267246849538,1.5067849573889036,-0.0757410429620976,-0.1395871997232331,-0.09295898871722498,-0.6031809053796454,-1.5621362259759428,0.286368672360719,-1.0888166231362464
-2.182290699355073,-1.3251285470210898,-0.2125911217037242,-1.246129410738361,0.5042324988976129,1.7562147739085414,-0.5682680090997295,-1.1734889456560649,-0.3623444421724419,-0.7577881144362464,-1.2147507393265398,-0.22870592978862625,-1.0066596496094802
-2.1821946394345404,-1.3254959042705259,-0.2124112078273686,-1.246312370587215,0.5043602961678786,1.7543107351133291,-0.5678486671674007,-1.1754587253610576,-0.3564382408514282,-0.7583647790942244,-1.2161114981185572,-0.22903976144967703,-1.0062947421672075
-0.5013127962206274,1.0686594306433694,-2.893387738572828,1.944357116713266,-0.08937521206548694,1.701443885630509,0.027904550433563692,-0.5019698871957985,-0.1527579855787227,-0.6985831293983364,-0.1202332438623639,0.6960941327241261,-0.45436145464618605
-0.5062378713364081,1.0874941541968415,-2.9026120784485037,1.9537376262304746,-0.0959274885212796,1.7990655996377165,0.0064045272764877235,-0.40097757994790945,-0.4555740299149828,-0.6690170341797155,-0.050465964980677874,0.7132099703969674,-0.4730705744699056
-1.0345103302722913,0.3243675941246895,-3.472555905921592,1.2634886908024034,-0.03219570386954916,0.9447192340045291,0.026014879252832735,-1.009805054499263,1.3131097011968522,-0.8138200542697578,0.06539278814170355,0.9224106503541359,-0.684332087569495
-1.034654165359182,0.32491765560298014,-3.4728252995239917,1.263762645284268,-0.03238706079938196,0.9475702418341696,0.02538697863685141,-1.0068556096792718,1.3042660651049913,-0.8129565868555924,0.06743031698830544,0.9229105123747159,-0.6848784808350258
