-6.008586165124334,0.5136092680902016,3.036340402394813,-4.14171487144576,-0.4977501881736221,0.587898882810222,-0.23463300276029098,1.9154642953180105,2.6284574318505696,0.03248069677686072,0.16579035068956274,5.1052742313868755,-1.3596896866100774,-1.3768904132948918,-1.3328473540146821,1.436561833151865,1.0526015724864575,0.2131483116724433,0.6627327229982939,-1.6128596719657247,1.6574555617585198,-0.18898757474270775,-0.08127690367572668,-0.11551306398879468,0.10048858714378323,-0.21346032537331536,0.947297862531633,-0.684428095567569,-1.716728070004745
-6.914577395887798,0.8031419972205016,-0.39889632559209126,-5.403341901703411,-1.1919098889097404,-2.0335322968240277,1.1817754141634336,0.12159743594632091,-0.9782643413538124,0.2545256225867182,2.581458428815721,1.23321525569346,0.529576254409887,1.7433316904267329,-1.7535486017960422,1.4060815829143558,-0.9810284899706752,0.24844075654868805,-1.376142410090296,0.29188054121137946,0.5805045395074437,0.10013812022768528,0.45445659720025583,-0.23191362489284803,0.44050177543597985,0.9212143369597728,-1.0432655152101507,0.4177709924331043,-0.9613375847176322
15.983565545060317,-2.5214333146215826,-1.099646010430577,-2.452504058611219,0.7910647524664808,-0.20942673604194295,4.332910191272922,-3.214620390307455,-1.7536019103506617,0.2767899652108985,-1.941972053540798,1.7965558080598614,1.5523183525885544,-1.1872996573639414,-0.09393490422208466,-2.172633345635076,-0.6594759508458103,0.029163487811386876,-0.10354021055110874,2.50087438844815,-0.31417299092332696,-0.6164650454048376,0.9327505109565339,-0.8959843826627674,-0.6908564644840343,-0.7223502845752922,-2.885394456742961,1.1406463276852872,0.00970822383640943
-4.274413168796209,-1.8891328795113405,-2.5755080462489737,1.868043755414143,3.402145831724305,-1.0662549825424377,1.6995090322881394,-0.598526946258757,-1.1394732436805004,2.0867527780525816,1.3495295679453692,-2.088063145820489,0.8367890359771079,-0.47150221029064243,-2.557933109912175,-1.7227262449388872,-0.27737863119789863,-0.10644754456368902,1.220338844863657,0.7171030271708052,1.2960748544252247,-0.5547220815429464,-1.3935091194378257,1.6935236103771525,-0.9360167782846806,0.3858238086986858,0.3748977420332547,0.3855447924072046,0.04863943908030069
-5.885081469562312,3.2292916103215052,1.8543958380161527,-1.1203857905460395,-0.5416054866603293,-1.6537978813518817,-5.590348400458607,-1.6792219846807592,1.4570228621745558,0.8428747622803486,4.366354824751319,0.8397388344210402,-0.41601870040912536,3.5198901648227117,-3.242500140226791,-0.5198537349734736,0.049167294461760866,0.046676838064288934,0.35979755939261304,0.4338383592573804,0.9153559478940487,-0.36600184507540107,-0.668742789514096,-0.006558620610506986,-0.06922782404332053,-1.0945904837801514,1.7089197058664845,-1.5796896073782876,0.5672479058272747
-2.3011490199739093,9.910359887200421,-5.9981061811093594,-1.312151656518002,0.7627602615211507,0.6955421954246519,-2.2489171137993904,0.060255843402664946,-0.48862504688384256,0.5678983931453537,-0.13325991888554808,0.6180371182053813,-0.2688743570269385,-0.5189814490523326,0.834774133083828,-0.9604015966745799,-0.9435336467243878,-0.3088533799629406,0.8380250741031244,0.4918771998884182,-1.8213584164943484,0.14738782930815122,0.06533924248365516,-1.701544681788959,0.519392182358921,-0.45667032333140795,0.15463077692458022,-0.1633339155139984,-0.025855231072253557
-9.078076105151316,4.3992882756220295,7.467535379485611,-3.749984366432393,-0.7439731314313525,2.9186886357430875,-4.400097921240246,-3.2560642861860845,6.031255653338775,-0.3891806988450361,-2.7899521509488387,2.954014753984077,-0.062068243176503037,-1.3557056085654169,-0.9621547941152815,-1.079423540747728,-0.7948096022266998,1.0648522780324028,-1.1821404253994943,-3.467318127014356,-0.5172821319557458,-0.8246444349078871,-0.06299878480285316,0.157885679316642,-0.4015685649240174,0.5474267830256384,2.0687435993888714,-1.2197739160176972,-0.47709856953746643
-1.6193007029931314,-1.7618735246755346,2.774229074628515,-5.752264450432099,-1.6490003503722397,0.44499680367073613,-3.5958938567549295,2.670993535507568,0.7990055255724877,-2.037663717079891,5.8323309146140145,-0.21397937805614292,-1.0264937681804303,2.3776551856663897,0.377525348723621,-1.9028484704593445,0.4112604759410674,-2.235014314496356,-1.0794996220104762,0.8415747907754609,1.127287906508468,0.4182727979633014,1.3916174619795592,1.5789699349038482,0.37133254625874723,-0.5607602768907037,1.6939301130473674,0.5818295123858045,1.9968209853934096
0.8828152549899719,-4.826534900166079,-1.0527546653164128,1.7834772285288465,-0.941533452112225,-0.6057375581117774,0.6778499302777807,-0.37080822916385303,1.4939902826414746,-0.6278280209162634,0.9358138970139427,-0.8471339189057315,-2.009404907749311,0.48425349426785813,-1.0209886991016164,2.4597724149448896,-0.2648064567418706,-0.19302994390534334,-0.19747318576360376,-1.565579341636038,0.039088223332114896,-0.806432966840041,-0.8875837171783801,-0.34804239294546596,-1.686475869001081,0.2166922325274597,0.7736072035235397,-1.1069939753430458,-0.10370700951570347
16.590325874455008,5.2322056844149225,4.442861470996739,-2.918384801624004,3.9110701693019583,3.4527112359549963,-0.09351520397025169,-0.3362092734735974,-0.3296936824276945,-1.89118755443889,1.4181139468606432,-3.0401235352808818,-0.1581483484409097,-3.708993951997797,0.8948811554887236,-0.7188643790581153,1.435257598234471,0.40621235504011555,-0.7096293361963862,2.036862450506628,0.5250709207198313,0.09384821056814052,-0.7726055516800563,0.615124365178655,0.3504841573709519,-0.4565881597115181,0.4166067308331275,1.9240095365067333,-1.5283735722421221
2.1120128320836717,5.539384506728023,-5.326373267633309,-3.151121475673036,-0.9303082723726814,-0.47737780420446674,-0.6358021115444001,2.1256022156692262,0.02893271458154503,-2.3865265678985508,0.49859803016934495,-3.5926576756662887,-0.8494854236676295,0.42393041565147416,-0.1552739480978712,0.6718497094217372,0.6731913783075884,0.38109207258884514,0.09900635544167019,0.44684718741712426,2.954388352597282,-0.0663368249343928,-0.4498226497015409,1.8058560662351602,0.6538295130204239,1.2787480162321567,-0.4378921942640405,1.9588133547880475,0.563540403305906
-5.598266620047818,6.699764925618514,5.507914642605338,-2.7902100486308394,3.6983962884329884,-3.9636165706194326,1.9963926541707262,-1.129648634886629,-0.47765817264608434,-1.0151863722334156,0.7474558392303815,1.4245143578454635,-1.0173779931277946,-3.068695474770194,-2.0974213108524205,0.3480728041923594,1.058715048057622,2.0089494622016093,0.9494394409245004,0.566959817229026,1.633280141774758,-2.1058146851363575,0.8148267606628926,1.8608523024640158,-0.02437738046148432,0.8921560799138976,0.6438796056251768,-0.06771759971119348,0.609599465970942
-7.007569845204065,7.078316348156325,6.272688345878945,0.476696321521512,1.221120891876212,1.945731856582166,-3.0048530571217373,-1.5799378587902437,-2.317316168111593,-1.4831753921672524,0.7986642651863143,1.2815749614928251,-0.20132377520316452,2.194199480016302,-0.6376171151016871,-2.236473694131819,0.41768615387330077,0.08584216323522015,-2.2884423326275263,0.17617611924434395,1.5082880912427838,0.8730211050091808,0.21349927547889772,0.3670937912997516,-1.1339984442978557,-0.6059014574414548,-0.4422414794643555,-0.5247382212882482,-0.24835202537947296
15.998664453931616,4.722653202691911,7.127041279954183,4.620036859909359,1.4896668260952353,3.704023196213468,-3.1793797014750824,-2.964268820613545,2.1850276955531336,-0.10558951281752868,0.9303903697717456,-5.312047307519675,0.33809713308229083,1.1253111607219553,3.8649400552536863,-1.140729589043124,2.4688876034810647,4.00401378746352,2.602153298547913,-1.3155324541579025,-0.16294222465851757,0.04508442175867694,-1.8276184710878056,-1.388193857923942,1.4938515265568524,0.1493037986899752,-1.7911858776046417,0.0860194617563286,1.8224761580384394
1.1028421932368537,14.52365976506375,4.565168609082776,1.7039766513658947,-0.46769783748836796,-6.723274737578732,-3.3547297875871633,-2.944763004868587,-3.870172186771833,0.07422272280718208,0.8375456516481128,0.6440048507736428,-0.7257533657704961,-0.4474781921711241,-2.240175162256922,-1.212388687351263,1.5180872763327549,-0.42338598445308134,1.449650573490332,-0.9017670395942214,0.06592873051351877,0.8536745716617415,1.269747444717355,0.5641196688877402,2.5396600559822717,0.15145077450133912,0.8142697234318654,0.7659180984989717,-1.5805013862623
6.006993282082205,-2.130820496754148,-4.58877918254448,3.0684948169515036,-3.116547495080332,-3.0598960828886117,0.7405353097294887,-1.688479776816373,-1.1625397776742814,-0.12857887208230628,-1.636221231987,3.3824656641812965,-1.5782662252552015,-1.1069683831503592,0.4212350256908339,-2.386220803336151,-0.5867979342758654,1.0147759836811858,-1.4754783185350893,-0.540970204601364,0.6131400072628062,-0.021152023979704435,-1.0049359908937663,0.6425421103513215,-1.7181039977344066,0.26591957598917426,1.7118966902333326,-0.49593767202882033,0.47328684756223705
10.755665171642564,-0.15029543713617452,0.05451787405121554,-0.37969895878750115,-4.255453293946804,0.6972100128561443,2.0424601990507147,-2.8575964502367834,-2.849215430332348,0.4484817021279736,-0.17561050169144088,0.5424655323355223,0.6077780348771311,-1.5852989375949704,-0.7716707687533741,-1.8498024670962283,0.8080922513549738,1.462391001822521,-1.3301495724191084,-0.42188860160679176,1.922198531291251,0.4562432968405426,0.09874395378009171,-0.7835040022453693,-0.42073202613425226,-0.723883067511579,0.39838688671974554,-0.19704377041646792,0.1850186735584251
-4.049042668771012,7.670539226541984,-0.31574782810711866,0.1970904530248005,3.0156064130837144,-1.5406522137060226,-1.8559554523861876,-1.790022226762483,-2.425549883310309,-0.2553286351760375,0.17025927375671962,0.9386760783664132,0.39567041620645127,-0.28914190045026283,2.267553979431794,-0.5771268190571837,-0.01434323929100914,-0.250870189238314,0.6939747348741316,0.2808831405258343,-0.5508147052656548,1.2255606626467868,2.212193111980895,-1.6043435442060736,-0.7864072919189561,0.512045757042058,-0.3654375355136102,1.6115629970389964,-0.357254094826074
-6.7804308499779165,3.460977673905751,5.716858166957,2.1280799469314298,6.970466478043192,0.2669588627340459,1.9478022709460108,-2.2513618620055684,4.037883942938722,1.2093677280975788,-2.286873215974188,1.0917321863990543,-0.09704863153316284,2.437101353495932,-1.6311609024423028,1.0203966117868228,-3.956233421148271,1.1732873460276876,-3.5826443537764234,-0.49991718268453206,-1.2211867892197483,0.6980118499089717,0.4729242505749822,-2.456437149525232,0.292957440785112,-0.619720751082667,-2.281565422790212,-0.48934378526000244,-1.566071803507195
7.819756169100747,-2.805246113197229,-0.7492832066522996,-2.9626419567982096,-1.3570101372864876,0.042747370589402624,-3.131109041056205,0.17420105745159029,-3.1016998659758936,-3.2314954430002403,-0.897292037189099,1.7834818276553548,0.9882737228316548,-0.10978972995699487,-2.7206904182421328,-0.7310138586526264,-0.30376102236986996,-1.829957703162647,-0.006562330467629003,-0.8596614843101659,0.5908131319967876,0.5929437339701191,-1.5969732795785203,-0.39268994336468815,-0.5488329913104592,-0.7451704045310344,-0.13582211988152815,2.4962927895439586,-0.2805896667520587
-4.393004355848434,12.431201166865621,-2.776882797129373,2.38270343510622,-3.356141943087526,1.0022334256837004,-1.9184476541791997,4.32165585708224,1.0436869519841931,-0.5377428025428539,1.589511593781387,-0.8621099034380765,-1.8604147469154264,-0.0976750601742327,-1.5062467768816494,-2.1964369836374047,-0.071495841843365,-0.8014328299722865,0.698267795461394,-0.29327350016059095,-1.886105986231944,-1.1582101726273424,3.4274355736785607,-0.581959573399369,1.9506692559684486,0.5015780414569647,1.968692831545175,0.5285998898581091,-0.5235433418088529
-6.220975188624553,3.8695699545531275,1.479627388831713,2.468502130441802,1.235722580927268,-1.4123945467403667,-1.0641008584716958,-1.5839900170566854,-0.8447393110530996,-0.9800266888422913,-2.801269793317171,1.2000106358925835,-1.2014528272296683,-0.5241644601399089,-0.037119222530827625,-0.09590713230721368,-1.226094384057819,0.7084025004464984,1.3806974064774349,-0.49621447790839335,-0.4445871864076692,0.03527716075425076,-0.2782836536769288,-0.5131557233762092,-1.9864184271754306,0.5641672803739485,-0.32251712210815386,-0.6056829681088091,-0.5836907006020853
20.8277179338089,-1.0125451155075544,-4.786239402700567,-5.235823703351387,-0.026524447539158127,4.002335431779387,2.74837218343336,0.39685028728239,0.4225026029003437,0.3640179974844849,-1.6840992619790176,2.0911098442734875,-1.0449637759704238,-1.0000720464408752,0.9336675187849115,0.9851270895157994,1.1707025047786153,-1.3017380531197666,-0.8035677435399547,-0.242802386262285,-0.15044955151342515,0.5767722099705764,1.3868853591690296,1.3927170247842051,0.4642942705862937,1.8071353920383033,-0.35888254867251385,-3.66287087578985,-0.24282467565706212
-3.874076261989183,-0.61530898598426,1.3726352786305414,1.5817775973478498,1.488545890411245,-1.591151697844615,2.4367129318058227,-0.19249813138504646,-1.445316948245614,0.32795286071935836,1.045138867024965,-1.3999996591922845,0.679600535187113,-0.45111205156112,0.31529628182630615,-1.3388732445734193,1.677581704961796,-0.3040841796947054,1.3220409590479691,-1.1254373118007515,1.1241246671324456,0.3269827954583901,-0.33784432729886954,1.8806012260136251,1.0734771909834981,0.04963842672362995,-0.9242789164773325,0.1519727364363811,0.20530860118617214
-3.986168051924004,-5.915302736088591,-0.3628635576480953,-3.5318893044812194,1.4539456915844169,-0.30976217652235094,2.910594426753891,3.1464684855978056,0.6870515875877988,1.1579145616281068,0.6932519117174197,-1.101247243609669,-3.4849909339541463,-2.3565576819128355,-0.6960752329021855,1.339986263886182,1.9285901017841176,-1.1614359012592228,1.482052904868488,-1.6471235824495625,2.5011631676700206,-1.2089821855896956,0.03085657975451566,-1.180590631935461,1.178251919884741,-0.07117931432831184,-0.7047767841139176,1.7056814695135678,1.6685230763180885
-3.32741682219096,9.515525094424692,-5.506506416096091,4.3671719975454435,-0.22910322238594152,0.7780941973631337,-0.06272507614874455,0.4509714001301578,0.9987961509037144,1.886377182831453,-2.002929801537969,-1.1824308224696265,-0.39421169420470337,-0.8905519394001269,1.4191801669071233,-2.7866663181888587,-1.9514532442444257,-2.5842677730143917,0.5051265399185819,0.655946655468084,0.706878676997797,0.22185084164937433,2.8350373668965685,0.24262912627326885,1.997907722785606,-0.017173847830587657,-0.01032015869175815,-1.0096627888008705,0.6098118468291973
-6.625079804630981,4.853436961979474,7.296345914642736,-4.241970417181194,0.805194586611576,0.6240271103443956,1.7739391075165103,1.6964470250819084,-0.5025672511150612,0.3882322206331245,0.76682497091631,0.40926751147343843,-1.448214844779835,-1.1016418868635838,-0.5770912833624501,0.22040469780368327,0.822536652127881,1.1005878851370612,0.19323216872294363,1.3254888292109435,0.1987081492519585,-0.15438109798595864,-0.6485555739462101,-0.10649468839111328,-0.7557354194888171,-0.5656011291412171,0.27370562524226943,-0.5130030331499351,-0.23718629465722468
12.345985683541706,-2.315425746832167,-3.83065131335751,1.5543317613606287,3.1515556362782693,4.580840951785104,1.6074083701172812,0.0882052905948689,1.1786619760894799,0.5282254946379856,-1.688407745969342,1.4791533982336444,-1.7356935484215716,0.22590854389126036,-0.9878291241651178,-1.0771598511979958,-0.008168512565987232,-0.9527726576095887,-0.9198054558565104,-1.8210355702323326,1.6686924856837049,-0.7236139004019355,-3.092798857545276,1.7322091405962023,-0.053626477668687424,0.4420631078496804,-0.01382387966854809,0.1496846112473208,-0.002784012473143159
-6.097567563017092,2.3168590178310584,2.7778364018801573,-5.8018610947871725,-3.4254482901815875,-0.07945364006003357,-0.9118891443727513,0.767649046769498,0.42598115048014223,-0.26772554910326607,-1.9026034281976365,0.36495538519386134,-1.6383786390073507,1.6927631719420315,0.9215191539883288,1.3851628291962852,0.795922161852932,0.7407993315518363,-1.8886824793382373,-3.26048453485567,-0.3552536062527052,-2.8268181801847803,0.06201511339402183,-0.03728017053930431,1.218050427115913,0.12667588707768548,-0.5052309059885638,-2.2598794808769522,0.033868501198252
18.987297066669733,1.6799038417770533,3.586807533434555,-0.5720166449993813,-6.060146897116748,2.0963033402575526,-6.408272985076084,-0.6130336898513733,-1.8980290532898445,-0.7493477620804736,1.6493434255259036,-1.4246863355989,-2.010976281272591,0.12349595297274077,-1.5919228224553277,2.0558181391685455,1.433184155515461,0.8431435935200409,2.344806828607919,3.3063673290193094,1.9992372949924646,0.9483078437752579,0.8781033234663881,1.3827363304743236,-0.0038215929222357057,1.6159124546633672,0.8956555014260262,1.5213464432534778,1.4972222965179487
-7.593325072148367,5.610882526821629,7.379520824611878,-0.14003662736805875,-0.7474844920744029,2.9883617467445602,1.0605368312845236,1.0467859307298493,-0.3581892070091103,0.20059671850381328,-1.1757678293072278,0.32603233089055556,0.04881316877835279,0.4346879131535685,0.2066021913022572,-0.2909354988964681,0.48850547425505064,0.1522043734859363,-0.7043639281514572,-0.5205333916208004,0.9564440723758957,-0.15117972562321,0.38757090949816897,0.7179957572013878,-1.466553466639862,0.278657372946673,-0.9304383438463328,-1.3722463162432816,-0.8712876361623723
-3.428333294251742,10.733804879391778,-1.5302707198603074,1.5316609191308679,2.5243264514874983,-1.0356616938237688,1.0338963656150657,1.193125547677672,0.7574767729409249,5.524738312206817,-0.9067254200918067,-1.3986989731238435,-2.740856119568681,0.702727390872364,1.6518080875477128,-2.4013572887749186,0.6538896809416384,-1.129307450183486,0.6509874981847281,1.0238948815704707,-0.3103801543816102,-0.8021611829308952,1.1093211925954949,-0.44197482120602705,-0.6420274469546645,-0.7507679181468067,-0.7866366175447582,-0.6632366464824841,-0.3062750497920358
12.068381639535845,1.0125428118526623,3.4810726201433293,-0.044380121998105246,-6.154746546502251,3.85101648385423,-3.298485981631051,0.1407949005513819,1.1264325747853525,-1.5387194056300706,1.9152141737611919,0.9615379896330801,-1.2712368790553863,2.0255907081808755,-1.1199325993090439,0.49361628679875114,-0.05352374203770382,-0.8891568160324581,1.40153749258657,0.21349452512294348,0.49415955013423063,0.04814127532186921,-1.1673343762605135,0.709473806879284,-0.6521108052948511,-0.40895599579833763,-0.28838966645191755,0.5950311644092123,0.5296887407369439
-7.597726219472676,2.2458136609635275,1.4566435827001543,2.1083423271518464,-1.6651621874149516,3.48703697279267,0.6314178635353074,-3.289383829558691,3.399392847014471,0.7953237633431812,-3.3934685563250464,1.8202588512364122,1.8988558469002463,-1.7629128399396028,1.6618418761054545,-1.7375462894978726,0.920048468261896,0.03835155719343589,-0.14133921839853958,-0.301228889913275,1.7620633224368443,1.5909879490428211,-0.6469331268535883,-0.49489701900755095,0.597740107686692,0.4028864301604633,0.8470349341415373,1.3856723367167005,1.6928436936857734
-2.425866939685359,15.55947505387637,-4.468831636891811,1.888330443814209,-1.100939078503682,-1.1840999571486293,-3.7009980913229903,-2.0488936746896775,-0.14340431026876155,0.015709933704345362,2.190667555640804,0.848299302829622,-1.1989306884400195,1.5067438637540214,-2.0942273873258825,0.1977274700787107,-0.20527119894891038,0.8072427626020809,1.709019226394312,-0.9085967539008116,-0.3774920732864133,1.0906803652626482,1.3804843918061536,-0.588367466439333,-0.3770654217703398,0.8178928794476765,1.4099190789143006,0.9927399274551856,0.2696709711920906
-3.3683213106677137,11.47400783808434,-3.8410018291342967,2.4994576681130454,1.4595122886598626,-0.888426778142828,-0.3700474977745951,-2.543003744575246,-0.8710532307997337,-0.9000493182325635,1.5828670217639,0.14370417905629157,2.1341224149282327,-1.4587707949037159,-1.8191126237190391,1.0528832721645962,0.9491999613702735,0.4291548546815263,-1.7458383547199192,-0.30629624202211353,-0.3117099710826796,0.9324564045135793,-0.16456477990047405,-0.5230664879726447,0.3274514263288982,-0.5319475437518877,-0.03871090583423678,0.10415964763205506,-0.2979363994064483
24.14291846537831,-2.1004566331906616,-2.5894091191730952,-12.933645363495046,3.506693185265652,2.476259160165691,1.4254324285464335,2.350858914487436,1.4554917872773758,3.1618621090581343,-1.4617954571547889,0.5613433639365929,0.5067218995459305,1.2060854837096142,0.04692669028551216,-0.7917268203257495,2.456592343982247,-2.7958161172487617,-1.9453131705737081,-0.09196884846255646,0.4135441865282776,0.7292384945433049,2.238547983326029,-1.2520566583827049,-1.3062808299952016,-0.2430817973005297,0.6120355395116434,-0.9854929001366721,0.3446911161820483
-2.1765514701593793,6.594961750694913,-6.953282077483926,-4.79972669528089,-0.08002265168487502,-5.603145051783089,-5.0511766435793195,-6.709041061365074,-2.478802350092077,0.682417497466837,-0.2573369944691484,3.5737579325860516,-1.3427049875459154,3.1446962888454446,3.7740926779294957,0.573029938917924,4.283324881307493,-3.1330280939291875,2.2914399904322256,0.49517223714799485,-0.3291517336700851,-1.3213766505125963,-1.3578604927793947,1.2215531356796718,-0.12087721352584192,-3.4616369882659916,2.0955405820072412,0.8168586248099319,1.2870839829002425
-1.8321620123097975,16.202118652260555,-4.176819619527694,-2.9888260420198516,3.4902329804115637,-2.8724406892476715,0.29997429716768886,0.6019044269271508,5.790801891866686,5.330761541960097,3.1052952965702727,0.4863018466157079,-3.246968453460048,-0.6647338828957834,0.44527491388604296,0.14912463204165038,-2.3863614583952915,-0.813886192960135,1.23597828550086,0.7933196640092018,-0.13565445654598465,0.04856853833423287,0.7701835729222923,-0.6788912874769425,-1.0033384457594725,-0.08792415618553812,0.9454947795788697,0.609601871286805,0.6980821460555469
26.162008622797753,3.0401272950302056,4.8629091603823476,-5.377355863567706,-2.3789660981639402,3.3812478965319466,-0.6900186965088257,-1.5064025710299254,1.8018894867070234,0.08358435449183288,-0.6677237629239501,-1.4486912056850718,2.5434947173271913,0.9767173210972943,-1.0694231584058695,-2.1625778921047787,1.4729632512359438,0.2541332041158448,1.7221972400770134,-0.794312715091017,-1.2573858045181574,-0.28185956305280424,-0.9667005313534892,-0.5144947343179934,2.500031292838853,-0.14760699341070993,0.5416359003968101,-0.09858153744273598,-1.604285066008993
-5.601208748774277,7.62609523962065,4.951538586634928,-2.918734275270644,5.2709459846495355,0.8397178554941065,2.730239119596407,-2.8053844709894826,2.333053819505388,-0.7071260834872597,2.1780010563839243,2.098185226407133,-1.7282201177014422,2.4666053356958733,-0.8455897247145756,-1.3247583849017779,-2.8319246316910105,2.2363982928252892,-0.47541753375070117,2.123421180221251,0.24783647832862724,-1.1652112140878688,-0.04072458451411207,-0.5038159456282995,1.3286315741298733,-0.9201142609890459,0.7377699123672912,0.45022623571982295,-0.8557514509458112
24.700471782897544,2.626164410803658,0.4785952224516507,-2.3510688481227744,1.3669094870538838,-0.5451145388155331,0.5147486153217719,-0.06264392164675701,2.076265246485324,5.905374707165346,0.058809350273642425,0.7367240506046167,-4.1244639299098855,2.732398628733753,1.3668932842027495,-2.2359415914881167,-3.0952430047769997,-0.00934942231490929,2.1520418551963036,0.9109232760568461,0.3838617662159267,0.5740857661636828,-0.141529099453614,-1.1612537141916115,-0.7251364686169717,-2.3582052218936864,2.499756241109703,1.0374022172947073,-1.1515340570990082
-2.64787702958486,11.646131913424275,-6.327439071248226,3.1454217541144724,11.693444726073036,-3.9397546628705298,-0.5427180577854954,-1.7364001772076407,0.7266644225404447,6.396596795419059,-5.040533185984247,0.4192597881888335,-2.8893564408819823,-0.4179876906702733,2.0171501710458397,-1.0457028677111018,-2.015093801108131,-0.5925267534942891,0.20650346884502055,-0.13628034203577977,-2.949429280014502,1.9137318176861797,1.1934494607057118,-2.0606788583845765,-1.4692157720052668,-0.9171539170871368,-1.358409228353626,-0.2966531499419921,-1.6294049300725149
19.461689291898015,0.3574510170589498,0.4278308095089268,3.384225191694895,2.7853773386422693,1.9386325269473506,-0.9040873526598368,-3.438197289982481,0.11768041722476624,-3.6337880798332973,-0.6012340021244558,0.990807282332587,-2.4963915508423082,-1.803015146210445,-4.013522484786977,0.5248716584222227,-0.20070201225566206,-2.414533985371998,0.489053352597599,-1.2993201195417563,-1.9073665157539355,-1.1671907836924167,-1.1036548995268112,-0.08390979468405015,-0.8015673254603068,-0.3800957476135683,-1.2510418523030533,1.9179454567970342,-0.6130040039728231
-1.6715548366684851,14.38248248362323,-7.457829885134732,2.590874078954374,0.12055256480417331,1.8364847175406607,-1.2211919783773502,2.9786351948388576,1.6674908939557405,-0.2590946340759953,-0.5760189694934968,-0.3882277067569585,0.12589162370846405,0.18559516503625323,1.2582938591166886,-0.5407502089247657,0.9238340480793633,-0.7622327855217507,1.9659635328281195,0.6977496080419177,-2.519272620374125,1.2247055080048286,0.905188186976892,-0.9063375526688396,-0.3719324844930676,-0.04108398841956509,-1.2015774865248616,0.4235739117048038,-0.5986687031548331
-11.631243777385917,-5.608441723657055,7.897424978101432,-7.560852313545077,0.09168763804816277,3.138725558006612,3.7143219337932276,0.056062043163189156,6.183807657851086,-1.0813765656801129,-1.026145976824289,1.2593052666225009,2.8478609319741848,-6.827490206088648,2.9132351614769205,0.5758172386769989,0.5973712488571822,-2.0844111832449244,-1.2414371440461196,-2.834721531303621,-1.040109115242397,-0.6236850608055811,0.9206419600633186,-1.0929432271840767,0.2440823109174487,-0.6089471858068496,-3.35293183158574,-1.9540247940769593,1.788179187177199
9.164419380841192,-3.1604575735911387,-0.2041019217753,2.2213725252001706,0.7738029355650969,-0.07240124687225906,3.16003801016516,-1.555911047422689,0.509068166499466,-1.6425216715602977,-1.09885831491013,-0.6569030024109583,-0.9510407406679136,-0.48134683272897505,-0.5436745214030992,-1.0690987981366806,0.36883356427473163,-0.10635329810849994,-0.5562589383834146,-0.22459041120001255,-0.3536712100077818,1.441509968579712,-0.8318946862588793,0.11281167238691495,-1.8550348303670903,-0.9542289434775365,0.0578216257798526,-0.5901936104884694,-1.004045274148485
-9.080539411777504,6.913942380156952,8.465597372829288,1.0809212982215342,1.5162239064008567,1.3917281333159366,0.6509662471740838,-0.0034402315960442853,-1.3759845300002924,-0.16842357192853974,-1.1593266406967044,0.9282002886611331,-0.1936141866575912,1.9713359677031446,-0.6568767527087842,0.42549501624721364,-1.192823216836987,0.49767583386238334,1.0997386218840473,-1.7889243517095137,2.6296795479266746,-0.7366399869309196,0.6526160740546472,-0.6261329765772261,1.8110515457911989,-0.013368139880699924,-0.7384437317124178,-1.7668318756034185,0.5582940131714794
-5.476856455511822,-2.158571741291258,4.912777103530709,-8.618092338401837,-1.1454509833222093,-2.4700114816789855,2.147107263658818,1.841424323147797,-1.9358018284509757,1.040039053708489,1.7323770045225202,0.5482487203517405,2.519666169976269,0.05359482747208407,-1.8824137537402788,0.24782226117443923,-0.011751811749890657,-1.9520268505981468,-0.9320467736363232,0.9957252565635009,0.506303473497259,-1.79689671198895,0.3937268245561439,-0.13512933810197694,-0.35280477577330915,-0.12960429251149583,-1.3623339977619755,-1.496160097662313,1.333888451747422
16.29785786479237,-3.3805998121511713,-2.0203805547747136,-3.5399694351380786,-0.6304319781857214,5.988865453326077,0.8734730722301614,-0.27002879722092177,1.0941964543558993,-1.1930129788605377,-0.5359562381709301,1.4007045120905273,1.5906291305416043,-0.6279660923898494,0.17125284694775977,-1.7717800049026047,0.47624618156671483,-1.817818912173736,0.6579362236117676,0.9652061890957145,-0.8910768131162199,0.5933430961604791,-0.4166744395032164,-0.025799935381891417,-0.32305569808475915,1.2845789277165494,-0.6564953089246692,0.23326179614354967,0.5834105433424766
-5.1218913857374195,12.996297295634546,-5.493527429527599,1.0833129609724739,3.490189687756804,2.503027429706764,-0.8300362939407655,-3.1325524407277165,-1.5623182172780825,0.11458046757501193,-0.09613361507323595,1.017324319545667,0.05703284348490485,-1.5723273213450626,-0.06138235060801928,-0.6731318785382038,0.8221616486583253,-0.3924195943496384,1.538284133978024,0.11608085729119277,-1.215820115079509,0.5882788449617076,-0.6340110107338094,-1.543145482362477,-0.18275305859620924,0.9819727910879249,-0.1490796850218583,-0.22907830673818233,-0.7748957224499742
-5.646739580460384,1.6918703841024756,2.223649739410328,-5.0667954011751695,5.915662629053827,-1.4680151594881938,-0.44177971272047534,-0.5850282962879501,-1.4513940681118849,-2.303819749540315,-0.3274219475591606,0.4670743269643888,0.22751753701518548,0.13638900070184878,1.2655628625573014,1.7918221600588558,1.9278120806011674,1.1650167293607658,-1.3420617978275338,0.5207858840048932,0.42143090203825323,0.4739541155826785,0.566624121787198,0.7797499739976693,-1.0861964247870124,-1.3665905761736288,0.10168951302700799,0.4337693481417415,0.47650074795622904
-6.122506528054912,16.481869016977424,-1.8770607655124283,-0.5094643685074947,-1.5200268068509108,-1.332022900837039,-0.15273477603526267,2.11797676043837,0.18149398188232094,1.8955710916664719,2.682798851076319,-0.5470918185785437,-0.8194664392915991,0.030333837858815046,0.7118796207885437,-0.6408631709433383,0.7246944024127425,-1.2521871547427117,-0.5137249858650312,1.6513388511249643,-0.7546347694060319,0.5196878114509754,-0.9335355869573266,-0.19449421156058636,-0.683065231495461,-0.054266684812535076,0.6457313064918974,-0.34423653729182857,-1.6265323659703936
-7.2580356285903465,6.89457430715112,8.31327122476807,-1.4887552402565645,-1.9818439554405034,0.7147239991431982,1.110201341477234,-0.9801666877871539,-2.871791350906444,-2.473609237894125,-2.5744081846403004,0.6786553920812408,-1.1467237921408135,0.5631757153847354,0.6417369993287478,0.7974218753387038,-0.22979992145631575,0.012988961154328984,0.21606399891289904,0.17527202066418696,-0.5944434656157019,-0.16189759704557877,0.06695911660731735,0.24048641335483462,0.03330827983567946,0.2803324743831187,0.019445554302179133,-0.2711885788198696,-0.2953298259979276
26.156129990825537,5.343394097565829,10.980545557714628,0.8298521761434571,-0.11749179691796771,-3.1660341705202732,3.0774284416955595,3.6832260433453143,-1.301226707032891,2.6177396307654193,2.03359524584029,-2.6569241144639517,0.3930034501522145,-0.21488022510298352,2.475132164337458,-0.4129742262128509,-0.15621143294673417,-0.7710724499662975,-3.6503187763098985,0.1984622194142657,-1.8480766776124802,-0.6212391079747708,-0.35191009931426764,0.9738380828123151,1.403454937093683,-1.074802812340347,2.9760998304475716,-1.248393329356035,-0.7629360648970124
-12.017796951050908,2.462176235820899,1.1816825617382734,-2.827163780167858,-1.110367755840837,2.8259043680175915,3.2688578721025636,-2.4021023724240127,7.137506328908678,1.1337703099093197,-1.0858732346116635,6.032787780678858,4.075453263034508,-1.0436057924033812,0.016655043095220756,0.5069890507182627,3.919568922488527,-2.867803177454019,-3.2254733671275804,-2.266424395480751,1.314671124455491,1.4450304668795684,-1.302295410873461,1.0240373338976478,-1.3167251342923973,-0.7904645618259368,-2.023261134228998,-0.773800956926999,1.5962419597514608
19.936238288584317,6.176300693288356,5.549133645553015,-0.19884150309366033,2.2194471353279126,-0.12281880489443964,1.5362394914196495,0.013750729706439715,-0.7023474539854028,5.381707611604294,-0.9478253257194935,-0.3085359999285944,-0.6988123544690206,1.266626361301924,0.6992687402642117,1.0797397235262296,-0.8977112853006857,0.12383289261676864,-0.8513429151377133,0.8612057736905364,0.5862788779343708,-0.8467490053457511,-1.7504337227430846,-0.5114146967880163,0.9747219010730553,1.5962369367468496,-0.30889031461465144,0.1616569753818289,1.1260395821766458
-9.026601678969314,2.123119968438634,6.2513786557692725,2.218168024527164,-4.3229701495079915,1.8902398473282531,0.25831459190062367,0.321827737116292,-2.713697100404943,2.3165254223114577,2.171434516603035,-2.8562516189055875,1.4500748500858298,1.4098949078111036,0.623914970291146,-1.1516382226731317,0.09899836191390202,0.41662057472719904,-2.353836169384034,-0.9697088180714742,0.18375911138069145,1.0021971687586202,-0.22842131011058686,0.7291184949674983,1.8002024982428133,0.39641110999838963,-0.8279076224540856,0.5132663416657949,1.030875361461549
-7.785630071932687,8.86430620896174,7.369954309423902,0.8936271058623998,1.842958277192199,1.8051866976803832,-2.882549134250106,-2.8305922585021586,-2.4256091207482036,-1.7190092456313204,-0.4720162159780447,1.6832690100998935,-0.16154846297855557,3.2775112957488965,0.8607464982254096,-1.8063036352072663,0.4343069042278078,1.3074777355846052,-0.710219065448919,-0.07291182169491071,0.5244772833286563,0.5365063559816559,-0.49292231468689945,0.9699692940218361,-2.360190015894637,0.1064995729330925,0.3434796228319301,-1.7144169543883139,0.2685915582798851
25.433795916935846,4.7849714880200995,10.532933594979934,-0.7107328434815385,-0.5793440856582837,-7.603108718489286,-0.18830531402416995,3.1984200745708145,2.6949279186235935,-2.429506153886833,1.9797987356764666,0.017879732995400327,2.434899406363403,-2.0093917858082357,1.9475668643530193,-0.7101769618631819,-1.1763790458398273,0.8990644729058204,-1.9606161632655985,1.0235807892357434,0.3966077434401196,-2.030521644008896,1.4644559287176202,1.410210332045442,1.3215085810144522,-1.3442505814729748,-0.7995411353488303,0.5140753049511947,-1.8662074921368987
-4.307468426476457,16.97114550056718,-1.922299408753601,-1.8310259822965504,-1.5609867966886999,-0.31478848637351337,-0.558730168412419,1.2454794142646848,0.9412596957460728,3.4107971359154927,2.068470804249717,-2.183735532150964,-1.5713062772208342,0.6589193641503661,-0.16845510520065943,-0.20644403845458734,-0.15882557568644576,-0.3622428154350436,0.47067645078281567,1.677621334773627,-0.6167295867591208,-0.015593516199583376,0.04616324940619175,-0.523796134935427,-0.812902083291083,-1.1328402085471032,-0.47614299174280755,-0.3561599411777457,1.4165558240695888
26.59985243015049,1.0844052588001132,0.20488235231022167,-3.3501976955630304,9.708551325859654,-2.235414433890245,1.6654431977856876,2.6245684228405586,4.1618373770111745,-0.3351702165743095,-1.8838043163420768,-0.06935927642659356,-1.5643536651630403,0.7054839615315707,-0.6458594099984896,0.15801277599257416,-1.9555844819918793,-0.9950458952323136,0.8767319589048327,2.640232038232149,2.8850807503219684,-1.4797155644049615,-0.36433713255547895,-0.9466881701335694,0.498366936698522,0.4465998903919165,-0.5313391140253212,0.9662222784888104,0.4269867506453464
-9.890802071925973,7.877709425132877,8.905454916157325,-1.2088171211108216,-1.4606854921406347,2.1710535807508644,-1.4204604163812085,-1.7236963982030842,-0.9301594678790243,0.6585689179133892,-0.5465954410791001,-0.6705511975716377,0.18891637743102674,0.9163841565009357,0.21242148908242087,-1.6602494827651613,-1.0561248732181154,0.43705010036569003,-1.4107864045488574,-0.45742125922803356,-0.0700880658478168,0.9057980963413645,0.5008806503144945,0.04591732912825519,0.3909441376712305,0.7085693564495684,-1.4992204351139333,0.8746660564799725,0.619100856857026
-3.6159938528315125,12.633211562182739,-2.5921518447537415,3.207184239691417,4.444095881492551,-1.9154174932029548,1.9991417924048827,-0.6859902422165832,-1.893727105009228,3.9295364626442226,0.9588491217427084,-1.5976145177583576,-1.3077884164912352,-0.48373084670657757,1.604480305323597,-1.955472923606158,1.9182543130361966,-1.597398639409966,0.5133908547038681,0.13234549196874743,-0.7791212634730906,1.428957932190423,0.6636244320331299,2.0255431268584725,2.8053065676809914,-0.5221783147682381,-0.7988331414439913,-1.3224037700884728,-0.06747316400519189
20.984401559556765,2.176938559094095,4.653225091890107,-1.8811310251131703,6.830245320175428,0.43448522034206594,-0.049646987899215275,1.0192248946234714,0.406298495357193,0.44546342920895987,-0.9380152569273952,-0.671395692509227,-0.5096690030571212,2.0043099370210076,-3.263554407977423,1.5915337000827061,-2.61886625711567,-2.4734100936504904,-0.8724215925775531,-0.5667790564639333,-1.3615266585713708,0.0789367192752676,-1.7946204807728672,2.0536149578112752,0.6246668699397949,1.132012532392862,0.7899955658320496,0.36256224520669555,-2.5458855450347966
-2.9234833153868856,12.853102069671566,-1.5900576900994279,-1.9372832985425128,4.0628349518369005,-2.396626449821928,-3.0951126183152735,0.46223499444616756,-0.00826887687525045,0.1552392177284606,1.0284321316241967,1.9736316748555456,0.5756560173878454,0.11315760089053335,-0.10985103401250843,2.1327416792170224,0.41962675888176226,-0.3482216246059243,-1.3645941459269197,-1.3793955800837374,0.6943164245170332,0.274209481564097,-0.4362692499741147,0.551045071001461,-0.9301584650388308,0.0992439976635867,-1.2002073987509456,-0.16148712157098555,2.3161766731877473
-2.8470791291485673,-5.8687004783230705,0.978451744959591,-11.868330096184529,-1.4741388888797042,-3.921833574317873,5.580862672897433,0.6408145662781124,-2.2190004819222393,-0.9755052901142026,-0.9152911196592534,-2.3940972096379496,1.5099416663040903,-3.0271273895443374,0.7314314825634988,-0.44234277410265715,-1.1791143188934305,-0.5469480383768855,-1.8594834782770666,2.1995360938976147,-0.7248892473309061,0.44031525964549717,2.345992331366942,-0.2558541578203238,0.8064305596059885,-0.5594762540036593,-0.3107145340937754,-0.06719278758788375,1.3730925684364506
15.51585988296934,-0.7377658006317593,1.0418280639838224,-0.2444207214502483,0.670309769512579,3.5684176702207084,2.414696277247275,-0.2510532777039247,-0.8807910391741306,-2.9830024417732157,-0.359464613791225,0.24645360320042897,1.3026137272429013,-1.307918807781766,-1.9509672813956753,0.6511871193351689,-1.2644466735069977,-2.620524335179136,-0.9539829641424341,-1.35349381743721,-0.35130526206916896,0.37445964908171936,-0.7721218663744168,1.0849417031204913,1.2511035242820387,0.5035950217249225,0.32549413859973664,-0.5470092235332824,0.5536122963594544
-4.4550531127026405,-2.973311464558854,3.0954085667375115,0.28337092445586143,-0.243412848241576,0.7946771172458309,-0.4395393519677452,-0.8864469651731074,-1.463113416514134,-0.3064343081809131,0.987197833526266,0.13344179048557894,-1.8652222793592927,0.781916807812243,-1.2864426439565615,1.8159444199508277,-0.6256028948050776,0.6943702251706441,-0.8598824172988452,-1.3845403755667256,0.02416818826344062,0.2800031464154244,-2.4774585642532787,-0.4775625405699854,0.6882380666675458,0.554802705674224,0.19945621851450282,0.8633401201322606,0.2692884966444138
-2.539269522864274,-1.9621954492806255,0.6556940187152761,1.4894426171995365,0.7633633593228889,-2.1259234833928717,-1.6877167262058723,-5.4358862424713505,-0.8370568294591787,-2.241240549095878,1.331000734356726,-0.6687554155686988,1.566283882546546,0.07190803262152762,-0.05687823464998645,0.5464881962435325,-0.43939935595566193,-0.9861120252206828,-0.7394390718418682,-0.869272889012798,-1.4793414407264371,0.3872708276432928,-2.31401979398494,0.7814084240583316,-1.032256856954352,-0.08768689433347912,0.29874403409895905,3.544461078675453,-0.938275664983948
-4.825499420612861,2.308319826376962,3.0086173866790427,0.8037475963574812,1.3408382449851595,0.07085604379482749,-0.10424998497172484,-1.8982680624783335,-0.6344228714285615,-0.9603380284921984,-0.1498598770986268,-0.2599001618915688,1.4693387704114118,0.36658364682820477,-1.2290509148773037,-0.9742498414616226,0.38395631203056085,0.676348164074137,-0.6308627890941277,-0.3287311961457808,0.5057265824754785,0.18118556627794818,-0.44609459802496537,1.295660562253617,-1.2907533012417767,0.21948213657243873,-0.6582704775846822,0.399684124921668,-0.21101675178131188
-2.609765843140672,6.025250411502682,-2.094797235483958,1.2452691971303431,0.5079923685387056,0.2005244859451188,-0.39704335378597205,1.2912462251232626,-0.07372545085844397,-0.5750850519472703,0.35073496468551907,1.0115809452112612,0.25543561125793035,-0.046802476716467596,0.059583503174831784,-0.6616691418750057,0.4070963568075288,0.7038525686840513,0.28555784565084874,-0.17307404908186771,-0.8813909415391367,0.23447456347448412,0.6155890569452733,-0.5089096770999509,-0.6527991844634123,-0.35258923104436646,-0.3675768616956571,0.6635683131489417,-0.15266492547088883
-4.133496625777548,2.0254590710343012,-1.2435467952120853,3.2996100740405,-2.6066868444278115,-0.27909890563872375,1.0583583892254342,-1.0484470175722338,-0.8727543529810426,-0.8620694853515442,1.0398133242923409,-0.5137329461507346,1.4474171769356998,1.1717488384209032,-0.6620253297435531,-0.22952053311961504,0.552334174974447,0.9765883502875031,1.3476721008833883,0.13427951883157258,1.8877415970893678,-0.5590288320117919,-0.4957167714843352,2.450347456699274,-0.3573686282323695,1.0113054428534851,-0.9686265724406683,0.11807100082894499,0.7842639052267913
-0.7742250554891504,8.87249028439583,-3.2726581596715625,-1.0874339048787227,0.9067684120104996,-1.2521410896899923,0.733897310577428,-1.1682679683196358,1.191911678774454,-0.5208529770626786,0.2098258441828477,0.1447753348960809,-1.415373481506737,0.08955845962121434,-1.0287234502598834,0.8749855313931694,2.1791871855093725,-1.5741171202787627,0.9440043878826487,0.40434902810756257,-1.7760661135260025,0.026359940088896028,-0.9288611493815894,-1.899739527667833,-2.384311061259445,-0.42756602574585123,-0.9213962977129747,1.1050717711941156,-0.7620406939656573
-6.183753948173312,4.298918278958925,6.825556475034941,-3.259271174358501,0.20488878322729118,0.7962348739609257,0.20711523469048743,-1.152557627427074,0.8511731588192356,-2.1664537466621407,-1.4942870154844765,3.4892607383216947,0.3871196822318322,0.46679298412029113,0.3083648693503718,1.659810273003408,0.2114203901223886,0.285865041241171,0.437947165925237,1.1056753654997353,-0.5787552912166221,-1.3901947323903487,0.7885038142721679,0.939437715032543,0.23592166563841555,-2.143858773129603,0.0320013375993219,-1.221096399420214,-0.4690587420322758
-2.0517311172376766,11.044993710535962,-2.36931301611906,-0.8147548385508756,-0.9312998372656137,1.5454376314407279,-2.0129451371558003,0.6859348133257309,0.8335986869751804,-0.11137942574700743,0.029233069909081616,2.273273917261377,-0.2025216401743194,0.22849928783245166,-1.079704795917111,-0.14396232002878862,1.0321832025386752,-1.762500918117274,0.30548139345342906,0.7713866475391398,-1.1904071732592647,1.2992051895405785,0.20080851307315295,-2.3595926323512226,-0.9153902032522947,-0.04107993568958071,-0.6566078430168782,0.7086855592273134,1.0755526852420687
12.786248510323338,-3.1953460619439764,2.2128932294202577,-2.1942221586866255,2.017355118922017,0.6228400942920003,-0.4317579355504836,-3.35121901136742,-3.6799631465155325,1.7130586080344767,-0.6617777615469571,1.1431697237976557,-3.1820945469490347,-0.22277867562362474,-1.7141877863783905,-1.595363596879322,0.0217722968103126,0.7710379816035926,0.4957395727027092,-2.2838181346063933,-0.46264215426073646,-1.673172984815213,-1.0686938477093446,0.9294433931769179,-0.18737520249579265,-2.781260940637021,1.5573383705825457,1.7986748078194608,1.5426780219877079
-7.007234829759572,0.9886146284217485,3.9889539054369014,-1.6433671869058306,-1.7895946744759812,-2.9292290069613385,1.8349540076355035,-2.4494718931688704,-1.7537779414350918,0.28836742248957903,-0.6325684997923935,-0.6214342906988789,2.000922997004055,0.408596507833755,0.3123981872747382,1.3514279676169236,-1.4805810191327204,-0.980574719795695,-1.7653491769805267,-0.17956249043337685,-0.5889166139155242,-0.859660816270246,0.3226611999775394,-0.8124741657411643,0.7980825765356503,0.5480332210578166,-0.13333669231763806,-0.0497309206768054,-0.42118517036368486
-3.823881635740946,11.56514257365413,-2.5968428773721572,2.0232547368665372,1.8535487486331272,-0.39493349981767556,-0.3533417363069428,0.07201142483831363,-0.35993668457425676,0.9820794868196612,0.07826953321940207,0.28930543915552515,-1.423026590378607,1.438225655454605,-0.5847972947712261,0.9787744171791526,0.10219327234931384,-0.5663285933957576,0.40076615533309023,-0.8477249432687791,-1.467797898504315,-0.5764500557459064,1.5281087011521144,-0.09137700550123201,0.6637617909583868,-0.31042379769818224,-0.5656888368666996,-0.4364369144639522,-1.2713107581151595
-2.3079674588751993,3.4590956436732365,1.8649758632994726,-4.120609716053965,0.5019470609432815,0.23463434780326478,1.099167499711996,0.669778946681751,1.3978045624813824,-1.6872281568132959,-1.5793149813023468,2.717051508810908,-0.17387605505848963,-1.308984186577781,0.45667552196128797,-0.3845535686612595,0.633345489209471,0.9614911261157378,1.15915641867178,1.4653594914301438,-1.0965499843765123,-0.11306494479132713,0.40207339861795777,0.3942459859367972,-1.4442930541701056,-1.2320915722229753,-0.9600192197765182,0.45157746570121526,0.07221089994998775
18.733251674965317,0.583344879589779,3.441450172747932,-0.48287945205980465,-6.45924335309203,4.887727703348086,0.7284590450758159,1.3232097472048694,0.4828906115980778,-3.435480939649819,-0.39175577257955563,1.0225571858048654,-1.1012914448676925,-0.9831064754051324,-0.18369887628524856,-2.0308915193565116,-1.6501900992589178,0.17959787772159808,0.40591070323813555,2.064462741452053,-0.7686670858408202,0.03517865878220855,0.08485304180517518,-0.4715118972149941,-0.7602226245880874,1.1864539746783733,-0.8319444608368682,-0.7887169898973125,0.32766586028617994
-4.147688780203884,6.733472205001831,-1.3501629330939546,2.9310822312507243,0.577201974997924,0.2461396247782951,-0.18817459109380966,0.050536243042471125,-1.005858175956091,0.5554283997155879,-2.3357003974166415,0.5645788688735756,-0.7592455923663819,-0.5794615939242437,0.7405098862669763,-1.3627630309592493,0.07030493457564244,-0.045725306190159076,0.34597393912566127,0.002652005523917294,-1.8420346000827765,0.08662677618881885,0.015653824649712125,-0.8417099353590027,-0.16873031890530102,-0.8452586005151596,-0.9107517396993016,0.9584157851970744,-1.1214174507897703
2.0594283015513057,3.664277105341426,-1.7343558485384385,-1.9151000228868031,-1.6748680789292598,-0.3254181228549218,1.120143122991394,-0.33473773454405253,-0.15682898940061882,-2.3635862165122465,-2.0866663907574714,-1.9222026869967874,-0.9341834280448259,3.3961812754120486,0.43253151692499936,0.026358824232985044,-1.1778464532958166,-0.8755851330170229,-0.8567950014330877,-0.6239481046098311,-0.3895094164169455,0.5814124863638678,-1.5380938881571622,-1.0041959493433152,-1.7832706010843706,0.2254965833468975,-2.0234779469242294,1.3351980996027408,-0.28856183841464883
22.701505353533282,0.3602684263576018,2.4228118055059986,-12.262278365412149,9.394527187032839,1.20647186634481,1.964448145946396,0.5309086387388923,-0.7280267290321895,0.28925437681508676,-2.6113792013401618,-0.9007221211463802,-1.3207287592552703,2.34168608970769,1.4746314314047015,-0.14135050405812907,1.2662674959693299,3.058100604083036,-0.3890986600706958,-1.66547739062206,1.2481816786971178,-1.1283996067467728,-2.5554431851968564,-0.46022595818744055,-1.0914188523064987,-0.6380607150511752,-0.690727091392294,-0.2977786266285219,-0.3029872614090854
-4.056698046003828,11.663620007368843,0.3888498932868461,-0.20337491307635014,-1.2434747397841766,0.4829848333066963,-0.0811030293438604,0.8788861161720032,0.3317969929903672,-0.844621547512961,1.372069047329693,1.0749517516586438,0.6254584218355793,0.727811794499318,-1.7712365673317625,0.7765177845840353,0.9507903808113232,-0.8144484808898038,0.1007332692454899,-0.24757728169128287,-1.5220446068493099,0.9830002644745315,-0.01659904961367461,-0.7659895484336986,-0.5672287630625024,0.10863478118589465,-0.3423626899033035,-0.2978511498551325,-0.6487394193200517
2.24985692341523,-8.193912412211237,-1.2079279253885606,1.856035722413827,1.7601851101903627,-0.6067078559714626,-1.97163537822827,-2.2857308684786997,0.4006220143030902,-1.0939181325617833,1.047835026823025,1.1820038518179805,1.094410921934366,1.1608278912836314,0.7102914884640225,0.7480121596545588,-0.576308907835476,-1.7089112962308077,-1.3781284024941927,-0.12827659542167547,-3.226666163763266,-0.056588475582103524,-1.9080329868435835,-0.9416598024803582,-0.8009749842817044,-0.03864304920053136,0.8587702027001846,-0.2527389765152594,0.14391031798163678
-4.210852371198665,-3.8023318819486396,0.8321960937632351,-3.92693616109192,3.8811345103616515,-4.015817870049468,5.096928999112322,0.47986072120588746,-3.171090183767727,0.829484289216571,-2.529552234457203,-0.45642259415318204,1.4342837031097377,0.6851575825536091,1.0406781708474748,0.2173313434859312,-1.8258493541154386,-1.6180017071401722,0.21397097163296444,1.3723471834432923,-0.9064277715329311,0.5245400829982247,-0.2549861187879875,-0.6715957568929158,-0.859768069752678,-0.17428463824077495,-0.21368850109575968,-1.8179811848067995,0.2322226782080239
4.099032119028996,2.679391033525059,2.6432104626393573,-1.704125469223654,0.743156456313722,-7.1210900411404845,2.2497997462171253,1.0139863873503887,-0.2583718872716123,-1.0701030079562461,-0.49977895128569033,-2.6811000912625125,-2.6413428086774693,0.8111085955257316,-1.6894305689927342,1.4231779178405108,0.6710148810681574,-0.6043641311398728,-0.5974459189955769,-0.7155803736314605,-0.8237651785116472,-0.6362996161232339,-1.1913453195299117,-0.008095092435775312,-0.5605491152847927,-0.7841485599920445,-0.6005299412260908,1.3187789989080951,0.03685734726307113
-0.9962259722080428,-1.789961008386957,-0.4750886279630274,-1.4258177683016862,2.679198650267736,-4.565545324062818,3.2669587809490377,-2.511369576787102,-1.2179903648869261,-0.8974867517035252,0.718100251761785,-0.7170613494074063,-0.740287180229697,-0.046438951517548045,-0.28803024610810446,1.433820007159981,-0.4300914735475866,-0.7334174165476397,0.6968714280778998,-0.9887836116953985,-0.4593357972736496,-0.25856400109472233,-1.4069452252037669,0.8562442507226384,-0.5769688379308772,-0.08865907598185024,-0.359159351986937,0.5173209404087956,-0.6425694507974277
0.2929343390438808,-3.9090787832600973,-1.0861149135845944,-1.8289095117935423,-5.809231753547088,2.925025816457239,0.20608961147037852,6.21918161586101,-2.7232590029743307,-0.8382395527638843,1.403156637034749,-1.187387021312511,-0.44128342715148294,-0.34879103601118233,-2.4907194840450284,0.6025521989158074,0.6483015414571736,-1.2049951146708966,-0.06939517517989101,-1.3770445928832642,-0.4500443363253639,0.3884897023868549,2.2703909387120893,0.013981657453737513,1.3970253543586484,1.9220476984061847,0.9768776097207645,-0.8432078171449585,0.48889457236160105
5.7105651847953585,-1.117292845365707,-5.5632365776434884,-2.9168854821536327,-1.568711806356416,-6.571898027142902,4.383434400111909,-0.8875234875487931,-3.162717693717198,-2.278181575999811,1.4938373669860932,-2.0272448525282067,0.07108395378035352,0.5662282977234667,-0.4612575840224764,1.7653741071043625,0.23917700726567617,-1.5064918096951936,0.9421933007845293,0.2622042496600717,0.15755837710859574,-0.8002875520097803,-2.065249751678903,-2.5288557465223858,-0.10820342300256569,0.4259960717298191,-0.8921450870487024,1.7524957171620377,-0.5658394452461449
-8.412776831887339,4.03953112906279,7.198542122380482,-1.384468012007358,-2.1208151712236503,-1.3414662213181043,-0.31890821023601473,-0.48669741770497227,-3.4283577036716313,1.8166978316749094,-1.5953162537779946,0.5338744129350299,-1.4866894283791912,4.837689034240254,1.472961947077052,-1.1401113654947796,-1.7371982796731678,-1.8305194353035723,0.046419628833800256,-2.3321263248081396,1.4926499847606607,0.7975587921347638,-0.49391993403486056,0.963883462543267,-0.8545380247904835,0.4648824052250728,1.2509391624350195,-1.2780999879125945,0.8384046378049508
5.843302680771896,-3.761731096476646,-2.496584426924561,-3.6156072161316057,0.28498245709813186,-4.06467838225148,4.372480363339321,2.0524803833908813,-1.102687241211503,-0.6692166652986205,-0.7009860477668156,-0.21091826160853572,0.24671027573830934,0.33629775183020805,-2.205524792477321,-0.24517246169084728,-1.2476733990852937,-0.9804502066944422,0.04551782031465998,0.8577200008067815,-1.1517369293892654,-0.15248707685169022,-0.4240339516564926,0.7531480108248416,-0.571930486600347,-0.5686352877228553,0.5739789343078265,-0.9734571492532506,0.3218201784280465
-0.627829118493782,-1.968835480772812,0.05149990293390471,2.06898414820061,-1.6327666337870135,-4.6488207327680415,-0.5483248635582624,0.20142769521619475,-5.7449838079797235,1.5233781030713616,0.3396779700101389,-1.9257244132926963,1.2250426672353318,2.587387187525866,-0.34082389111791633,-0.1315964184762553,-1.2173244037379058,-0.9059879759522487,1.3647597013707093,2.285168757533177,0.06384060386870956,2.9251558705010083,-1.088114400432213,-0.7639793865910453,-0.6504020249289729,1.281896560756823,2.480541016565096,1.0286152698529998,1.012770082902384
